date,sp500_pe_ttm,sp500_forward_pe,nasdaq100_pe_ttm,nasdaq100_forward_pe,sources,quality_notes
2005-01-01,19.99,,32.73,25.65,multpl_sp500_pe_ratio_by_month;trendonify_nasdaq100_forward_pe_monthly;trendonify_nasdaq100_pe_monthly,sp500_pe_ttm:multpl_monthly;nasdaq100_pe_ttm:trendonify_monthly_nonofficial;nasdaq100_forward_pe:trendonify_monthly_nonofficial
2005-02-01,20.11,,32.73,25.57,multpl_sp500_pe_ratio_by_month;trendonify_nasdaq100_forward_pe_monthly;trendonify_nasdaq100_pe_monthly,sp500_pe_ttm:multpl_monthly;nasdaq100_pe_ttm:trendonify_monthly_nonofficial;nasdaq100_forward_pe:trendonify_monthly_nonofficial
2005-03-01,19.84,,30.03,24.62,multpl_sp500_pe_ratio_by_month;trendonify_nasdaq100_forward_pe_monthly;trendonify_nasdaq100_pe_monthly,sp500_pe_ttm:multpl_monthly;nasdaq100_pe_ttm:trendonify_monthly_nonofficial;nasdaq100_forward_pe:trendonify_monthly_nonofficial
2005-04-01,19.02,,30.03,23.84,multpl_sp500_pe_ratio_by_month;trendonify_nasdaq100_forward_pe_monthly;trendonify_nasdaq100_pe_monthly,sp500_pe_ttm:multpl_monthly;nasdaq100_pe_ttm:trendonify_monthly_nonofficial;nasdaq100_forward_pe:trendonify_monthly_nonofficial
2005-05-01,18.93,,30.03,25.86,multpl_sp500_pe_ratio_by_month;trendonify_nasdaq100_forward_pe_monthly;trendonify_nasdaq100_pe_monthly,sp500_pe_ttm:multpl_monthly;nasdaq100_pe_ttm:trendonify_monthly_nonofficial;nasdaq100_forward_pe:trendonify_monthly_nonofficial
2005-06-01,19.0,,28.97,25.59,multpl_sp500_pe_ratio_by_month;trendonify_nasdaq100_forward_pe_monthly;trendonify_nasdaq100_pe_monthly,sp500_pe_ttm:multpl_monthly;nasdaq100_pe_ttm:trendonify_monthly_nonofficial;nasdaq100_forward_pe:trendonify_monthly_nonofficial
2005-07-01,19.0,,28.97,26.97,multpl_sp500_pe_ratio_by_month;trendonify_nasdaq100_forward_pe_monthly;trendonify_nasdaq100_pe_monthly,sp500_pe_ttm:multpl_monthly;nasdaq100_pe_ttm:trendonify_monthly_nonofficial;nasdaq100_forward_pe:trendonify_monthly_nonofficial
2005-08-01,18.72,,28.97,26.91,multpl_sp500_pe_ratio_by_month;trendonify_nasdaq100_forward_pe_monthly;trendonify_nasdaq100_pe_monthly,sp500_pe_ttm:multpl_monthly;nasdaq100_pe_ttm:trendonify_monthly_nonofficial;nasdaq100_forward_pe:trendonify_monthly_nonofficial
2005-09-01,18.44,,28.97,27.12,multpl_sp500_pe_ratio_by_month;trendonify_nasdaq100_forward_pe_monthly;trendonify_nasdaq100_pe_monthly,sp500_pe_ttm:multpl_monthly;nasdaq100_pe_ttm:trendonify_monthly_nonofficial;nasdaq100_forward_pe:trendonify_monthly_nonofficial
2005-10-01,17.64,,28.97,26.14,multpl_sp500_pe_ratio_by_month;trendonify_nasdaq100_forward_pe_monthly;trendonify_nasdaq100_pe_monthly,sp500_pe_ttm:multpl_monthly;nasdaq100_pe_ttm:trendonify_monthly_nonofficial;nasdaq100_forward_pe:trendonify_monthly_nonofficial
2005-11-01,18.01,,28.96,27.65,multpl_sp500_pe_ratio_by_month;trendonify_nasdaq100_forward_pe_monthly;trendonify_nasdaq100_pe_monthly,sp500_pe_ttm:multpl_monthly;nasdaq100_pe_ttm:trendonify_monthly_nonofficial;nasdaq100_forward_pe:trendonify_monthly_nonofficial
2005-12-01,18.07,,27.22,27.6,multpl_sp500_pe_ratio_by_month;trendonify_nasdaq100_forward_pe_monthly;trendonify_nasdaq100_pe_monthly,sp500_pe_ttm:multpl_monthly;nasdaq100_pe_ttm:trendonify_monthly_nonofficial;nasdaq100_forward_pe:trendonify_monthly_nonofficial
2006-01-01,18.07,,25.85,26.63,multpl_sp500_pe_ratio_by_month;trendonify_nasdaq100_forward_pe_monthly;trendonify_nasdaq100_pe_monthly,sp500_pe_ttm:multpl_monthly;nasdaq100_pe_ttm:trendonify_monthly_nonofficial;nasdaq100_forward_pe:trendonify_monthly_nonofficial
2006-02-01,17.8,,25.23,25.75,multpl_sp500_pe_ratio_by_month;trendonify_nasdaq100_forward_pe_monthly;trendonify_nasdaq100_pe_monthly,sp500_pe_ttm:multpl_monthly;nasdaq100_pe_ttm:trendonify_monthly_nonofficial;nasdaq100_forward_pe:trendonify_monthly_nonofficial
2006-03-01,17.8,,25.23,26.67,multpl_sp500_pe_ratio_by_month;trendonify_nasdaq100_forward_pe_monthly;trendonify_nasdaq100_pe_monthly,sp500_pe_ttm:multpl_monthly;nasdaq100_pe_ttm:trendonify_monthly_nonofficial;nasdaq100_forward_pe:trendonify_monthly_nonofficial
2006-04-01,17.77,,25.19,26.58,multpl_sp500_pe_ratio_by_month;trendonify_nasdaq100_forward_pe_monthly;trendonify_nasdaq100_pe_monthly,sp500_pe_ttm:multpl_monthly;nasdaq100_pe_ttm:trendonify_monthly_nonofficial;nasdaq100_forward_pe:trendonify_monthly_nonofficial
2006-05-01,17.46,,23.4,24.98,multpl_sp500_pe_ratio_by_month;trendonify_nasdaq100_forward_pe_monthly;trendonify_nasdaq100_pe_monthly,sp500_pe_ttm:multpl_monthly;nasdaq100_pe_ttm:trendonify_monthly_nonofficial;nasdaq100_forward_pe:trendonify_monthly_nonofficial
2006-06-01,16.82,,25.67,24.64,multpl_sp500_pe_ratio_by_month;trendonify_nasdaq100_forward_pe_monthly;trendonify_nasdaq100_pe_monthly,sp500_pe_ttm:multpl_monthly;nasdaq100_pe_ttm:trendonify_monthly_nonofficial;nasdaq100_forward_pe:trendonify_monthly_nonofficial
2006-07-01,16.61,,24.59,23.14,multpl_sp500_pe_ratio_by_month;trendonify_nasdaq100_forward_pe_monthly;trendonify_nasdaq100_pe_monthly,sp500_pe_ttm:multpl_monthly;nasdaq100_pe_ttm:trendonify_monthly_nonofficial;nasdaq100_forward_pe:trendonify_monthly_nonofficial
2006-08-01,16.67,,25.75,24.39,multpl_sp500_pe_ratio_by_month;trendonify_nasdaq100_forward_pe_monthly;trendonify_nasdaq100_pe_monthly,sp500_pe_ttm:multpl_monthly;nasdaq100_pe_ttm:trendonify_monthly_nonofficial;nasdaq100_forward_pe:trendonify_monthly_nonofficial
2006-09-01,16.77,,26.96,25.5,multpl_sp500_pe_ratio_by_month;trendonify_nasdaq100_forward_pe_monthly;trendonify_nasdaq100_pe_monthly,sp500_pe_ttm:multpl_monthly;nasdaq100_pe_ttm:trendonify_monthly_nonofficial;nasdaq100_forward_pe:trendonify_monthly_nonofficial
2006-10-01,17.14,,25.5,25.83,multpl_sp500_pe_ratio_by_month;trendonify_nasdaq100_forward_pe_monthly;trendonify_nasdaq100_pe_monthly,sp500_pe_ttm:multpl_monthly;nasdaq100_pe_ttm:trendonify_monthly_nonofficial;nasdaq100_forward_pe:trendonify_monthly_nonofficial
2006-11-01,17.24,,26.36,26.58,multpl_sp500_pe_ratio_by_month;trendonify_nasdaq100_forward_pe_monthly;trendonify_nasdaq100_pe_monthly,sp500_pe_ttm:multpl_monthly;nasdaq100_pe_ttm:trendonify_monthly_nonofficial;nasdaq100_forward_pe:trendonify_monthly_nonofficial
2006-12-01,17.38,,25.86,26.76,multpl_sp500_pe_ratio_by_month;trendonify_nasdaq100_forward_pe_monthly;trendonify_nasdaq100_pe_monthly,sp500_pe_ttm:multpl_monthly;nasdaq100_pe_ttm:trendonify_monthly_nonofficial;nasdaq100_forward_pe:trendonify_monthly_nonofficial
2007-01-01,17.36,,29.01,24.36,multpl_sp500_pe_ratio_by_month;trendonify_nasdaq100_forward_pe_monthly;trendonify_nasdaq100_pe_monthly,sp500_pe_ttm:multpl_monthly;nasdaq100_pe_ttm:trendonify_monthly_nonofficial;nasdaq100_forward_pe:trendonify_monthly_nonofficial
2007-02-01,17.49,,28.51,23.75,multpl_sp500_pe_ratio_by_month;trendonify_nasdaq100_forward_pe_monthly;trendonify_nasdaq100_pe_monthly,sp500_pe_ttm:multpl_monthly;nasdaq100_pe_ttm:trendonify_monthly_nonofficial;nasdaq100_forward_pe:trendonify_monthly_nonofficial
2007-03-01,16.92,,28.69,23.91,multpl_sp500_pe_ratio_by_month;trendonify_nasdaq100_forward_pe_monthly;trendonify_nasdaq100_pe_monthly,sp500_pe_ttm:multpl_monthly;nasdaq100_pe_ttm:trendonify_monthly_nonofficial;nasdaq100_forward_pe:trendonify_monthly_nonofficial
2007-04-01,17.48,,26.94,24.56,multpl_sp500_pe_ratio_by_month;trendonify_nasdaq100_forward_pe_monthly;trendonify_nasdaq100_pe_monthly,sp500_pe_ttm:multpl_monthly;nasdaq100_pe_ttm:trendonify_monthly_nonofficial;nasdaq100_forward_pe:trendonify_monthly_nonofficial
2007-05-01,17.92,,27.81,25.62,multpl_sp500_pe_ratio_by_month;trendonify_nasdaq100_forward_pe_monthly;trendonify_nasdaq100_pe_monthly,sp500_pe_ttm:multpl_monthly;nasdaq100_pe_ttm:trendonify_monthly_nonofficial;nasdaq100_forward_pe:trendonify_monthly_nonofficial
2007-06-01,17.83,,27.9,25.23,multpl_sp500_pe_ratio_by_month;trendonify_nasdaq100_forward_pe_monthly;trendonify_nasdaq100_pe_monthly,sp500_pe_ttm:multpl_monthly;nasdaq100_pe_ttm:trendonify_monthly_nonofficial;nasdaq100_forward_pe:trendonify_monthly_nonofficial
2007-07-01,18.36,,25.18,24.74,multpl_sp500_pe_ratio_by_month;trendonify_nasdaq100_forward_pe_monthly;trendonify_nasdaq100_pe_monthly,sp500_pe_ttm:multpl_monthly;nasdaq100_pe_ttm:trendonify_monthly_nonofficial;nasdaq100_forward_pe:trendonify_monthly_nonofficial
2007-08-01,18.02,,25.93,25.18,multpl_sp500_pe_ratio_by_month;trendonify_nasdaq100_forward_pe_monthly;trendonify_nasdaq100_pe_monthly,sp500_pe_ttm:multpl_monthly;nasdaq100_pe_ttm:trendonify_monthly_nonofficial;nasdaq100_forward_pe:trendonify_monthly_nonofficial
2007-09-01,19.05,,27.26,26.21,multpl_sp500_pe_ratio_by_month;trendonify_nasdaq100_forward_pe_monthly;trendonify_nasdaq100_pe_monthly,sp500_pe_ttm:multpl_monthly;nasdaq100_pe_ttm:trendonify_monthly_nonofficial;nasdaq100_forward_pe:trendonify_monthly_nonofficial
2007-10-01,20.68,,28.9,27.11,multpl_sp500_pe_ratio_by_month;trendonify_nasdaq100_forward_pe_monthly;trendonify_nasdaq100_pe_monthly,sp500_pe_ttm:multpl_monthly;nasdaq100_pe_ttm:trendonify_monthly_nonofficial;nasdaq100_forward_pe:trendonify_monthly_nonofficial
2007-11-01,20.81,,26.97,25.39,multpl_sp500_pe_ratio_by_month;trendonify_nasdaq100_forward_pe_monthly;trendonify_nasdaq100_pe_monthly,sp500_pe_ttm:multpl_monthly;nasdaq100_pe_ttm:trendonify_monthly_nonofficial;nasdaq100_forward_pe:trendonify_monthly_nonofficial
2007-12-01,22.35,,26.38,25.33,multpl_sp500_pe_ratio_by_month;trendonify_nasdaq100_forward_pe_monthly;trendonify_nasdaq100_pe_monthly,sp500_pe_ttm:multpl_monthly;nasdaq100_pe_ttm:trendonify_monthly_nonofficial;nasdaq100_forward_pe:trendonify_monthly_nonofficial
2008-01-01,21.46,,23.3,20.32,multpl_sp500_pe_ratio_by_month;trendonify_nasdaq100_forward_pe_monthly;trendonify_nasdaq100_pe_monthly,sp500_pe_ttm:multpl_monthly;nasdaq100_pe_ttm:trendonify_monthly_nonofficial;nasdaq100_forward_pe:trendonify_monthly_nonofficial
2008-02-01,21.74,,22.08,19.36,multpl_sp500_pe_ratio_by_month;trendonify_nasdaq100_forward_pe_monthly;trendonify_nasdaq100_pe_monthly,sp500_pe_ttm:multpl_monthly;nasdaq100_pe_ttm:trendonify_monthly_nonofficial;nasdaq100_forward_pe:trendonify_monthly_nonofficial
2008-03-01,21.81,,22.15,19.87,multpl_sp500_pe_ratio_by_month;trendonify_nasdaq100_forward_pe_monthly;trendonify_nasdaq100_pe_monthly,sp500_pe_ttm:multpl_monthly;nasdaq100_pe_ttm:trendonify_monthly_nonofficial;nasdaq100_forward_pe:trendonify_monthly_nonofficial
2008-04-01,23.88,,23.83,21.41,multpl_sp500_pe_ratio_by_month;trendonify_nasdaq100_forward_pe_monthly;trendonify_nasdaq100_pe_monthly,sp500_pe_ttm:multpl_monthly;nasdaq100_pe_ttm:trendonify_monthly_nonofficial;nasdaq100_forward_pe:trendonify_monthly_nonofficial
2008-05-01,25.81,,25.26,22.63,multpl_sp500_pe_ratio_by_month;trendonify_nasdaq100_forward_pe_monthly;trendonify_nasdaq100_pe_monthly,sp500_pe_ttm:multpl_monthly;nasdaq100_pe_ttm:trendonify_monthly_nonofficial;nasdaq100_forward_pe:trendonify_monthly_nonofficial
2008-06-01,26.11,,22.88,20.31,multpl_sp500_pe_ratio_by_month;trendonify_nasdaq100_forward_pe_monthly;trendonify_nasdaq100_pe_monthly,sp500_pe_ttm:multpl_monthly;nasdaq100_pe_ttm:trendonify_monthly_nonofficial;nasdaq100_forward_pe:trendonify_monthly_nonofficial
2008-07-01,25.37,,23.03,20.23,multpl_sp500_pe_ratio_by_month;trendonify_nasdaq100_forward_pe_monthly;trendonify_nasdaq100_pe_monthly,sp500_pe_ttm:multpl_monthly;nasdaq100_pe_ttm:trendonify_monthly_nonofficial;nasdaq100_forward_pe:trendonify_monthly_nonofficial
2008-08-01,26.83,,23.32,20.72,multpl_sp500_pe_ratio_by_month;trendonify_nasdaq100_forward_pe_monthly;trendonify_nasdaq100_pe_monthly,sp500_pe_ttm:multpl_monthly;nasdaq100_pe_ttm:trendonify_monthly_nonofficial;nasdaq100_forward_pe:trendonify_monthly_nonofficial
2008-09-01,26.48,,20.69,17.69,multpl_sp500_pe_ratio_by_month;trendonify_nasdaq100_forward_pe_monthly;trendonify_nasdaq100_pe_monthly,sp500_pe_ttm:multpl_monthly;nasdaq100_pe_ttm:trendonify_monthly_nonofficial;nasdaq100_forward_pe:trendonify_monthly_nonofficial
2008-10-01,27.22,,17.31,15.09,multpl_sp500_pe_ratio_by_month;trendonify_nasdaq100_forward_pe_monthly;trendonify_nasdaq100_pe_monthly,sp500_pe_ttm:multpl_monthly;nasdaq100_pe_ttm:trendonify_monthly_nonofficial;nasdaq100_forward_pe:trendonify_monthly_nonofficial
2008-11-01,34.99,,15.38,14.08,multpl_sp500_pe_ratio_by_month;trendonify_nasdaq100_forward_pe_monthly;trendonify_nasdaq100_pe_monthly,sp500_pe_ttm:multpl_monthly;nasdaq100_pe_ttm:trendonify_monthly_nonofficial;nasdaq100_forward_pe:trendonify_monthly_nonofficial
2008-12-01,58.98,,19.98,14.07,multpl_sp500_pe_ratio_by_month;trendonify_nasdaq100_forward_pe_monthly;trendonify_nasdaq100_pe_monthly,sp500_pe_ttm:multpl_monthly;nasdaq100_pe_ttm:trendonify_monthly_nonofficial;nasdaq100_forward_pe:trendonify_monthly_nonofficial
2009-01-01,70.91,,19.45,14.25,multpl_sp500_pe_ratio_by_month;trendonify_nasdaq100_forward_pe_monthly;trendonify_nasdaq100_pe_monthly,sp500_pe_ttm:multpl_monthly;nasdaq100_pe_ttm:trendonify_monthly_nonofficial;nasdaq100_forward_pe:trendonify_monthly_nonofficial
2009-02-01,84.46,,18.41,14.17,multpl_sp500_pe_ratio_by_month;trendonify_nasdaq100_forward_pe_monthly;trendonify_nasdaq100_pe_monthly,sp500_pe_ttm:multpl_monthly;nasdaq100_pe_ttm:trendonify_monthly_nonofficial;nasdaq100_forward_pe:trendonify_monthly_nonofficial
2009-03-01,110.37,,22.87,15.92,multpl_sp500_pe_ratio_by_month;trendonify_nasdaq100_forward_pe_monthly;trendonify_nasdaq100_pe_monthly,sp500_pe_ttm:multpl_monthly;nasdaq100_pe_ttm:trendonify_monthly_nonofficial;nasdaq100_forward_pe:trendonify_monthly_nonofficial
2009-04-01,119.85,,25.78,17.75,multpl_sp500_pe_ratio_by_month;trendonify_nasdaq100_forward_pe_monthly;trendonify_nasdaq100_pe_monthly,sp500_pe_ttm:multpl_monthly;nasdaq100_pe_ttm:trendonify_monthly_nonofficial;nasdaq100_forward_pe:trendonify_monthly_nonofficial
2009-05-01,123.73,13.77,26.54,18.19,multpl_sp500_pe_ratio_by_month;trendonify_nasdaq100_forward_pe_monthly;trendonify_nasdaq100_pe_monthly;trendonify_sp500_forward_pe_monthly,sp500_pe_ttm:multpl_monthly;sp500_forward_pe:trendonify_monthly_nonofficial;nasdaq100_pe_ttm:trendonify_monthly_nonofficial;nasdaq100_forward_pe:trendonify_monthly_nonofficial
2009-06-01,123.32,13.78,31.99,18.52,multpl_sp500_pe_ratio_by_month;trendonify_nasdaq100_forward_pe_monthly;trendonify_nasdaq100_pe_monthly;trendonify_sp500_forward_pe_monthly,sp500_pe_ttm:multpl_monthly;sp500_forward_pe:trendonify_monthly_nonofficial;nasdaq100_pe_ttm:trendonify_monthly_nonofficial;nasdaq100_forward_pe:trendonify_monthly_nonofficial
2009-07-01,101.87,13.37,34.72,19.51,multpl_sp500_pe_ratio_by_month;trendonify_nasdaq100_forward_pe_monthly;trendonify_nasdaq100_pe_monthly;trendonify_sp500_forward_pe_monthly,sp500_pe_ttm:multpl_monthly;sp500_forward_pe:trendonify_monthly_nonofficial;nasdaq100_pe_ttm:trendonify_monthly_nonofficial;nasdaq100_forward_pe:trendonify_monthly_nonofficial
2009-08-01,92.95,13.81,35.19,19.6,multpl_sp500_pe_ratio_by_month;trendonify_nasdaq100_forward_pe_monthly;trendonify_nasdaq100_pe_monthly;trendonify_sp500_forward_pe_monthly,sp500_pe_ttm:multpl_monthly;sp500_forward_pe:trendonify_monthly_nonofficial;nasdaq100_pe_ttm:trendonify_monthly_nonofficial;nasdaq100_forward_pe:trendonify_monthly_nonofficial
2009-09-01,83.3,14.31,35.28,20.56,multpl_sp500_pe_ratio_by_month;trendonify_nasdaq100_forward_pe_monthly;trendonify_nasdaq100_pe_monthly;trendonify_sp500_forward_pe_monthly,sp500_pe_ttm:multpl_monthly;sp500_forward_pe:trendonify_monthly_nonofficial;nasdaq100_pe_ttm:trendonify_monthly_nonofficial;nasdaq100_forward_pe:trendonify_monthly_nonofficial
2009-10-01,42.12,13.0,34.22,18.43,multpl_sp500_pe_ratio_by_month;trendonify_nasdaq100_forward_pe_monthly;trendonify_nasdaq100_pe_monthly;trendonify_sp500_forward_pe_monthly,sp500_pe_ttm:multpl_monthly;sp500_forward_pe:trendonify_monthly_nonofficial;nasdaq100_pe_ttm:trendonify_monthly_nonofficial;nasdaq100_forward_pe:trendonify_monthly_nonofficial
2009-11-01,28.51,13.74,36.28,19.2,multpl_sp500_pe_ratio_by_month;trendonify_nasdaq100_forward_pe_monthly;trendonify_nasdaq100_pe_monthly;trendonify_sp500_forward_pe_monthly,sp500_pe_ttm:multpl_monthly;sp500_forward_pe:trendonify_monthly_nonofficial;nasdaq100_pe_ttm:trendonify_monthly_nonofficial;nasdaq100_forward_pe:trendonify_monthly_nonofficial
2009-12-01,21.78,13.99,20.14,19.6,multpl_sp500_pe_ratio_by_month;trendonify_nasdaq100_forward_pe_monthly;trendonify_nasdaq100_pe_monthly;trendonify_sp500_forward_pe_monthly,sp500_pe_ttm:multpl_monthly;sp500_forward_pe:trendonify_monthly_nonofficial;nasdaq100_pe_ttm:trendonify_monthly_nonofficial;nasdaq100_forward_pe:trendonify_monthly_nonofficial
2010-01-01,20.7,12.7,18.84,15.88,multpl_sp500_pe_ratio_by_month;trendonify_nasdaq100_forward_pe_monthly;trendonify_nasdaq100_pe_monthly;trendonify_sp500_forward_pe_monthly,sp500_pe_ttm:multpl_monthly;sp500_forward_pe:trendonify_monthly_nonofficial;nasdaq100_pe_ttm:trendonify_monthly_nonofficial;nasdaq100_forward_pe:trendonify_monthly_nonofficial
2010-02-01,18.91,13.07,19.68,16.3,multpl_sp500_pe_ratio_by_month;trendonify_nasdaq100_forward_pe_monthly;trendonify_nasdaq100_pe_monthly;trendonify_sp500_forward_pe_monthly,sp500_pe_ttm:multpl_monthly;sp500_forward_pe:trendonify_monthly_nonofficial;nasdaq100_pe_ttm:trendonify_monthly_nonofficial;nasdaq100_forward_pe:trendonify_monthly_nonofficial
2010-03-01,18.91,13.83,17.6,17.33,multpl_sp500_pe_ratio_by_month;trendonify_nasdaq100_forward_pe_monthly;trendonify_nasdaq100_pe_monthly;trendonify_sp500_forward_pe_monthly,sp500_pe_ttm:multpl_monthly;sp500_forward_pe:trendonify_monthly_nonofficial;nasdaq100_pe_ttm:trendonify_monthly_nonofficial;nasdaq100_forward_pe:trendonify_monthly_nonofficial
2010-04-01,19.01,13.53,17.97,16.97,multpl_sp500_pe_ratio_by_month;trendonify_nasdaq100_forward_pe_monthly;trendonify_nasdaq100_pe_monthly;trendonify_sp500_forward_pe_monthly,sp500_pe_ttm:multpl_monthly;sp500_forward_pe:trendonify_monthly_nonofficial;nasdaq100_pe_ttm:trendonify_monthly_nonofficial;nasdaq100_forward_pe:trendonify_monthly_nonofficial
2010-05-01,17.3,12.42,16.65,15.51,multpl_sp500_pe_ratio_by_month;trendonify_nasdaq100_forward_pe_monthly;trendonify_nasdaq100_pe_monthly;trendonify_sp500_forward_pe_monthly,sp500_pe_ttm:multpl_monthly;sp500_forward_pe:trendonify_monthly_nonofficial;nasdaq100_pe_ttm:trendonify_monthly_nonofficial;nasdaq100_forward_pe:trendonify_monthly_nonofficial
2010-06-01,16.15,11.75,14.44,14.39,multpl_sp500_pe_ratio_by_month;trendonify_nasdaq100_forward_pe_monthly;trendonify_nasdaq100_pe_monthly;trendonify_sp500_forward_pe_monthly,sp500_pe_ttm:multpl_monthly;sp500_forward_pe:trendonify_monthly_nonofficial;nasdaq100_pe_ttm:trendonify_monthly_nonofficial;nasdaq100_forward_pe:trendonify_monthly_nonofficial
2010-07-01,15.72,12.01,15.48,14.94,multpl_sp500_pe_ratio_by_month;trendonify_nasdaq100_forward_pe_monthly;trendonify_nasdaq100_pe_monthly;trendonify_sp500_forward_pe_monthly,sp500_pe_ttm:multpl_monthly;sp500_forward_pe:trendonify_monthly_nonofficial;nasdaq100_pe_ttm:trendonify_monthly_nonofficial;nasdaq100_forward_pe:trendonify_monthly_nonofficial
2010-08-01,15.47,11.44,14.68,14.12,multpl_sp500_pe_ratio_by_month;trendonify_nasdaq100_forward_pe_monthly;trendonify_nasdaq100_pe_monthly;trendonify_sp500_forward_pe_monthly,sp500_pe_ttm:multpl_monthly;sp500_forward_pe:trendonify_monthly_nonofficial;nasdaq100_pe_ttm:trendonify_monthly_nonofficial;nasdaq100_forward_pe:trendonify_monthly_nonofficial
2010-09-01,15.61,12.44,14.07,15.89,multpl_sp500_pe_ratio_by_month;trendonify_nasdaq100_forward_pe_monthly;trendonify_nasdaq100_pe_monthly;trendonify_sp500_forward_pe_monthly,sp500_pe_ttm:multpl_monthly;sp500_forward_pe:trendonify_monthly_nonofficial;nasdaq100_pe_ttm:trendonify_monthly_nonofficial;nasdaq100_forward_pe:trendonify_monthly_nonofficial
2010-10-01,15.9,12.39,14.97,15.85,multpl_sp500_pe_ratio_by_month;trendonify_nasdaq100_forward_pe_monthly;trendonify_nasdaq100_pe_monthly;trendonify_sp500_forward_pe_monthly,sp500_pe_ttm:multpl_monthly;sp500_forward_pe:trendonify_monthly_nonofficial;nasdaq100_pe_ttm:trendonify_monthly_nonofficial;nasdaq100_forward_pe:trendonify_monthly_nonofficial
2010-11-01,15.88,12.36,14.92,15.66,multpl_sp500_pe_ratio_by_month;trendonify_nasdaq100_forward_pe_monthly;trendonify_nasdaq100_pe_monthly;trendonify_sp500_forward_pe_monthly,sp500_pe_ttm:multpl_monthly;sp500_forward_pe:trendonify_monthly_nonofficial;nasdaq100_pe_ttm:trendonify_monthly_nonofficial;nasdaq100_forward_pe:trendonify_monthly_nonofficial
2010-12-01,16.05,13.17,14.42,16.48,multpl_sp500_pe_ratio_by_month;trendonify_nasdaq100_forward_pe_monthly;trendonify_nasdaq100_pe_monthly;trendonify_sp500_forward_pe_monthly,sp500_pe_ttm:multpl_monthly;sp500_forward_pe:trendonify_monthly_nonofficial;nasdaq100_pe_ttm:trendonify_monthly_nonofficial;nasdaq100_forward_pe:trendonify_monthly_nonofficial
2011-01-01,16.3,13.22,14.83,15.25,multpl_sp500_pe_ratio_by_month;trendonify_nasdaq100_forward_pe_monthly;trendonify_nasdaq100_pe_monthly;trendonify_sp500_forward_pe_monthly,sp500_pe_ttm:multpl_monthly;sp500_forward_pe:trendonify_monthly_nonofficial;nasdaq100_pe_ttm:trendonify_monthly_nonofficial;nasdaq100_forward_pe:trendonify_monthly_nonofficial
2011-02-01,16.52,13.64,15.28,15.61,multpl_sp500_pe_ratio_by_month;trendonify_nasdaq100_forward_pe_monthly;trendonify_nasdaq100_pe_monthly;trendonify_sp500_forward_pe_monthly,sp500_pe_ttm:multpl_monthly;sp500_forward_pe:trendonify_monthly_nonofficial;nasdaq100_pe_ttm:trendonify_monthly_nonofficial;nasdaq100_forward_pe:trendonify_monthly_nonofficial
2011-03-01,16.04,13.62,14.9,15.45,multpl_sp500_pe_ratio_by_month;trendonify_nasdaq100_forward_pe_monthly;trendonify_nasdaq100_pe_monthly;trendonify_sp500_forward_pe_monthly,sp500_pe_ttm:multpl_monthly;sp500_forward_pe:trendonify_monthly_nonofficial;nasdaq100_pe_ttm:trendonify_monthly_nonofficial;nasdaq100_forward_pe:trendonify_monthly_nonofficial
2011-04-01,16.21,13.77,15.31,15.48,multpl_sp500_pe_ratio_by_month;trendonify_nasdaq100_forward_pe_monthly;trendonify_nasdaq100_pe_monthly;trendonify_sp500_forward_pe_monthly,sp500_pe_ttm:multpl_monthly;sp500_forward_pe:trendonify_monthly_nonofficial;nasdaq100_pe_ttm:trendonify_monthly_nonofficial;nasdaq100_forward_pe:trendonify_monthly_nonofficial
2011-05-01,16.12,13.59,15.11,14.46,multpl_sp500_pe_ratio_by_month;trendonify_nasdaq100_forward_pe_monthly;trendonify_nasdaq100_pe_monthly;trendonify_sp500_forward_pe_monthly,sp500_pe_ttm:multpl_monthly;sp500_forward_pe:trendonify_monthly_nonofficial;nasdaq100_pe_ttm:trendonify_monthly_nonofficial;nasdaq100_forward_pe:trendonify_monthly_nonofficial
2011-06-01,15.35,13.34,14.23,14.14,multpl_sp500_pe_ratio_by_month;trendonify_nasdaq100_forward_pe_monthly;trendonify_nasdaq100_pe_monthly;trendonify_sp500_forward_pe_monthly,sp500_pe_ttm:multpl_monthly;sp500_forward_pe:trendonify_monthly_nonofficial;nasdaq100_pe_ttm:trendonify_monthly_nonofficial;nasdaq100_forward_pe:trendonify_monthly_nonofficial
2011-07-01,15.61,12.98,14.46,13.94,multpl_sp500_pe_ratio_by_month;trendonify_nasdaq100_forward_pe_monthly;trendonify_nasdaq100_pe_monthly;trendonify_sp500_forward_pe_monthly,sp500_pe_ttm:multpl_monthly;sp500_forward_pe:trendonify_monthly_nonofficial;nasdaq100_pe_ttm:trendonify_monthly_nonofficial;nasdaq100_forward_pe:trendonify_monthly_nonofficial
2011-08-01,13.79,12.24,13.71,13.15,multpl_sp500_pe_ratio_by_month;trendonify_nasdaq100_forward_pe_monthly;trendonify_nasdaq100_pe_monthly;trendonify_sp500_forward_pe_monthly,sp500_pe_ttm:multpl_monthly;sp500_forward_pe:trendonify_monthly_nonofficial;nasdaq100_pe_ttm:trendonify_monthly_nonofficial;nasdaq100_forward_pe:trendonify_monthly_nonofficial
2011-09-01,13.5,11.36,12.87,12.6,multpl_sp500_pe_ratio_by_month;trendonify_nasdaq100_forward_pe_monthly;trendonify_nasdaq100_pe_monthly;trendonify_sp500_forward_pe_monthly,sp500_pe_ttm:multpl_monthly;sp500_forward_pe:trendonify_monthly_nonofficial;nasdaq100_pe_ttm:trendonify_monthly_nonofficial;nasdaq100_forward_pe:trendonify_monthly_nonofficial
2011-10-01,13.88,12.75,14.21,13.4,multpl_sp500_pe_ratio_by_month;trendonify_nasdaq100_forward_pe_monthly;trendonify_nasdaq100_pe_monthly;trendonify_sp500_forward_pe_monthly,sp500_pe_ttm:multpl_monthly;sp500_forward_pe:trendonify_monthly_nonofficial;nasdaq100_pe_ttm:trendonify_monthly_nonofficial;nasdaq100_forward_pe:trendonify_monthly_nonofficial
2011-11-01,14.1,12.69,13.81,13.0,multpl_sp500_pe_ratio_by_month;trendonify_nasdaq100_forward_pe_monthly;trendonify_nasdaq100_pe_monthly;trendonify_sp500_forward_pe_monthly,sp500_pe_ttm:multpl_monthly;sp500_forward_pe:trendonify_monthly_nonofficial;nasdaq100_pe_ttm:trendonify_monthly_nonofficial;nasdaq100_forward_pe:trendonify_monthly_nonofficial
2011-12-01,14.3,12.8,13.7,13.02,multpl_sp500_pe_ratio_by_month;trendonify_nasdaq100_forward_pe_monthly;trendonify_nasdaq100_pe_monthly;trendonify_sp500_forward_pe_monthly,sp500_pe_ttm:multpl_monthly;sp500_forward_pe:trendonify_monthly_nonofficial;nasdaq100_pe_ttm:trendonify_monthly_nonofficial;nasdaq100_forward_pe:trendonify_monthly_nonofficial
2012-01-01,14.87,13.43,14.24,12.92,multpl_sp500_pe_ratio_by_month;trendonify_nasdaq100_forward_pe_monthly;trendonify_nasdaq100_pe_monthly;trendonify_sp500_forward_pe_monthly,sp500_pe_ttm:multpl_monthly;sp500_forward_pe:trendonify_monthly_nonofficial;nasdaq100_pe_ttm:trendonify_monthly_nonofficial;nasdaq100_forward_pe:trendonify_monthly_nonofficial
2012-02-01,15.37,13.98,15.13,13.63,multpl_sp500_pe_ratio_by_month;trendonify_nasdaq100_forward_pe_monthly;trendonify_nasdaq100_pe_monthly;trendonify_sp500_forward_pe_monthly,sp500_pe_ttm:multpl_monthly;sp500_forward_pe:trendonify_monthly_nonofficial;nasdaq100_pe_ttm:trendonify_monthly_nonofficial;nasdaq100_forward_pe:trendonify_monthly_nonofficial
2012-03-01,15.69,14.42,15.89,14.3,multpl_sp500_pe_ratio_by_month;trendonify_nasdaq100_forward_pe_monthly;trendonify_nasdaq100_pe_monthly;trendonify_sp500_forward_pe_monthly,sp500_pe_ttm:multpl_monthly;sp500_forward_pe:trendonify_monthly_nonofficial;nasdaq100_pe_ttm:trendonify_monthly_nonofficial;nasdaq100_forward_pe:trendonify_monthly_nonofficial
2012-04-01,15.7,14.09,14.7,13.93,multpl_sp500_pe_ratio_by_month;trendonify_nasdaq100_forward_pe_monthly;trendonify_nasdaq100_pe_monthly;trendonify_sp500_forward_pe_monthly,sp500_pe_ttm:multpl_monthly;sp500_forward_pe:trendonify_monthly_nonofficial;nasdaq100_pe_ttm:trendonify_monthly_nonofficial;nasdaq100_forward_pe:trendonify_monthly_nonofficial
2012-05-01,15.22,13.2,13.62,13.09,multpl_sp500_pe_ratio_by_month;trendonify_nasdaq100_forward_pe_monthly;trendonify_nasdaq100_pe_monthly;trendonify_sp500_forward_pe_monthly,sp500_pe_ttm:multpl_monthly;sp500_forward_pe:trendonify_monthly_nonofficial;nasdaq100_pe_ttm:trendonify_monthly_nonofficial;nasdaq100_forward_pe:trendonify_monthly_nonofficial
2012-06-01,15.05,13.73,14.12,13.64,multpl_sp500_pe_ratio_by_month;trendonify_nasdaq100_forward_pe_monthly;trendonify_nasdaq100_pe_monthly;trendonify_sp500_forward_pe_monthly,sp500_pe_ttm:multpl_monthly;sp500_forward_pe:trendonify_monthly_nonofficial;nasdaq100_pe_ttm:trendonify_monthly_nonofficial;nasdaq100_forward_pe:trendonify_monthly_nonofficial
2012-07-01,15.55,13.77,14.71,13.84,multpl_sp500_pe_ratio_by_month;trendonify_nasdaq100_forward_pe_monthly;trendonify_nasdaq100_pe_monthly;trendonify_sp500_forward_pe_monthly,sp500_pe_ttm:multpl_monthly;sp500_forward_pe:trendonify_monthly_nonofficial;nasdaq100_pe_ttm:trendonify_monthly_nonofficial;nasdaq100_forward_pe:trendonify_monthly_nonofficial
2012-08-01,16.14,14.04,15.43,14.51,multpl_sp500_pe_ratio_by_month;trendonify_nasdaq100_forward_pe_monthly;trendonify_nasdaq100_pe_monthly;trendonify_sp500_forward_pe_monthly,sp500_pe_ttm:multpl_monthly;sp500_forward_pe:trendonify_monthly_nonofficial;nasdaq100_pe_ttm:trendonify_monthly_nonofficial;nasdaq100_forward_pe:trendonify_monthly_nonofficial
2012-09-01,16.69,14.38,15.58,14.69,multpl_sp500_pe_ratio_by_month;trendonify_nasdaq100_forward_pe_monthly;trendonify_nasdaq100_pe_monthly;trendonify_sp500_forward_pe_monthly,sp500_pe_ttm:multpl_monthly;sp500_forward_pe:trendonify_monthly_nonofficial;nasdaq100_pe_ttm:trendonify_monthly_nonofficial;nasdaq100_forward_pe:trendonify_monthly_nonofficial
2012-10-01,16.62,13.69,15.6,13.59,multpl_sp500_pe_ratio_by_month;trendonify_nasdaq100_forward_pe_monthly;trendonify_nasdaq100_pe_monthly;trendonify_sp500_forward_pe_monthly,sp500_pe_ttm:multpl_monthly;sp500_forward_pe:trendonify_monthly_nonofficial;nasdaq100_pe_ttm:trendonify_monthly_nonofficial;nasdaq100_forward_pe:trendonify_monthly_nonofficial
2012-11-01,16.12,13.73,15.78,13.76,multpl_sp500_pe_ratio_by_month;trendonify_nasdaq100_forward_pe_monthly;trendonify_nasdaq100_pe_monthly;trendonify_sp500_forward_pe_monthly,sp500_pe_ttm:multpl_monthly;sp500_forward_pe:trendonify_monthly_nonofficial;nasdaq100_pe_ttm:trendonify_monthly_nonofficial;nasdaq100_forward_pe:trendonify_monthly_nonofficial
2012-12-01,16.44,13.83,15.35,13.98,multpl_sp500_pe_ratio_by_month;trendonify_nasdaq100_forward_pe_monthly;trendonify_nasdaq100_pe_monthly;trendonify_sp500_forward_pe_monthly,sp500_pe_ttm:multpl_monthly;sp500_forward_pe:trendonify_monthly_nonofficial;nasdaq100_pe_ttm:trendonify_monthly_nonofficial;nasdaq100_forward_pe:trendonify_monthly_nonofficial
2013-01-01,17.03,13.84,15.75,14.09,multpl_sp500_pe_ratio_by_month;trendonify_nasdaq100_forward_pe_monthly;trendonify_nasdaq100_pe_monthly;trendonify_sp500_forward_pe_monthly,sp500_pe_ttm:multpl_monthly;sp500_forward_pe:trendonify_monthly_nonofficial;nasdaq100_pe_ttm:trendonify_monthly_nonofficial;nasdaq100_forward_pe:trendonify_monthly_nonofficial
2013-02-01,17.32,13.99,15.79,14.21,multpl_sp500_pe_ratio_by_month;trendonify_nasdaq100_forward_pe_monthly;trendonify_nasdaq100_pe_monthly;trendonify_sp500_forward_pe_monthly,sp500_pe_ttm:multpl_monthly;sp500_forward_pe:trendonify_monthly_nonofficial;nasdaq100_pe_ttm:trendonify_monthly_nonofficial;nasdaq100_forward_pe:trendonify_monthly_nonofficial
2013-03-01,17.68,14.49,16.26,14.69,multpl_sp500_pe_ratio_by_month;trendonify_nasdaq100_forward_pe_monthly;trendonify_nasdaq100_pe_monthly;trendonify_sp500_forward_pe_monthly,sp500_pe_ttm:multpl_monthly;sp500_forward_pe:trendonify_monthly_nonofficial;nasdaq100_pe_ttm:trendonify_monthly_nonofficial;nasdaq100_forward_pe:trendonify_monthly_nonofficial
2013-04-01,17.69,14.54,16.22,15.36,multpl_sp500_pe_ratio_by_month;trendonify_nasdaq100_forward_pe_monthly;trendonify_nasdaq100_pe_monthly;trendonify_sp500_forward_pe_monthly,sp500_pe_ttm:multpl_monthly;sp500_forward_pe:trendonify_monthly_nonofficial;nasdaq100_pe_ttm:trendonify_monthly_nonofficial;nasdaq100_forward_pe:trendonify_monthly_nonofficial
2013-05-01,18.25,14.85,16.75,16.23,multpl_sp500_pe_ratio_by_month;trendonify_nasdaq100_forward_pe_monthly;trendonify_nasdaq100_pe_monthly;trendonify_sp500_forward_pe_monthly,sp500_pe_ttm:multpl_monthly;sp500_forward_pe:trendonify_monthly_nonofficial;nasdaq100_pe_ttm:trendonify_monthly_nonofficial;nasdaq100_forward_pe:trendonify_monthly_nonofficial
2013-06-01,17.8,14.62,16.35,15.22,multpl_sp500_pe_ratio_by_month;trendonify_nasdaq100_forward_pe_monthly;trendonify_nasdaq100_pe_monthly;trendonify_sp500_forward_pe_monthly,sp500_pe_ttm:multpl_monthly;sp500_forward_pe:trendonify_monthly_nonofficial;nasdaq100_pe_ttm:trendonify_monthly_nonofficial;nasdaq100_forward_pe:trendonify_monthly_nonofficial
2013-07-01,18.12,14.94,16.94,16.76,multpl_sp500_pe_ratio_by_month;trendonify_nasdaq100_forward_pe_monthly;trendonify_nasdaq100_pe_monthly;trendonify_sp500_forward_pe_monthly,sp500_pe_ttm:multpl_monthly;sp500_forward_pe:trendonify_monthly_nonofficial;nasdaq100_pe_ttm:trendonify_monthly_nonofficial;nasdaq100_forward_pe:trendonify_monthly_nonofficial
2013-08-01,17.91,14.47,16.85,16.83,multpl_sp500_pe_ratio_by_month;trendonify_nasdaq100_forward_pe_monthly;trendonify_nasdaq100_pe_monthly;trendonify_sp500_forward_pe_monthly,sp500_pe_ttm:multpl_monthly;sp500_forward_pe:trendonify_monthly_nonofficial;nasdaq100_pe_ttm:trendonify_monthly_nonofficial;nasdaq100_forward_pe:trendonify_monthly_nonofficial
2013-09-01,17.88,14.9,15.06,17.52,multpl_sp500_pe_ratio_by_month;trendonify_nasdaq100_forward_pe_monthly;trendonify_nasdaq100_pe_monthly;trendonify_sp500_forward_pe_monthly,sp500_pe_ttm:multpl_monthly;sp500_forward_pe:trendonify_monthly_nonofficial;nasdaq100_pe_ttm:trendonify_monthly_nonofficial;nasdaq100_forward_pe:trendonify_monthly_nonofficial
2013-10-01,17.86,15.2,15.8,17.88,multpl_sp500_pe_ratio_by_month;trendonify_nasdaq100_forward_pe_monthly;trendonify_nasdaq100_pe_monthly;trendonify_sp500_forward_pe_monthly,sp500_pe_ttm:multpl_monthly;sp500_forward_pe:trendonify_monthly_nonofficial;nasdaq100_pe_ttm:trendonify_monthly_nonofficial;nasdaq100_forward_pe:trendonify_monthly_nonofficial
2013-11-01,18.15,15.63,16.32,18.23,multpl_sp500_pe_ratio_by_month;trendonify_nasdaq100_forward_pe_monthly;trendonify_nasdaq100_pe_monthly;trendonify_sp500_forward_pe_monthly,sp500_pe_ttm:multpl_monthly;sp500_forward_pe:trendonify_monthly_nonofficial;nasdaq100_pe_ttm:trendonify_monthly_nonofficial;nasdaq100_forward_pe:trendonify_monthly_nonofficial
2013-12-01,18.04,16.0,16.84,18.7,multpl_sp500_pe_ratio_by_month;trendonify_nasdaq100_forward_pe_monthly;trendonify_nasdaq100_pe_monthly;trendonify_sp500_forward_pe_monthly,sp500_pe_ttm:multpl_monthly;sp500_forward_pe:trendonify_monthly_nonofficial;nasdaq100_pe_ttm:trendonify_monthly_nonofficial;nasdaq100_forward_pe:trendonify_monthly_nonofficial
2014-01-01,18.15,15.63,16.51,17.6,multpl_sp500_pe_ratio_by_month;trendonify_nasdaq100_forward_pe_monthly;trendonify_nasdaq100_pe_monthly;trendonify_sp500_forward_pe_monthly,sp500_pe_ttm:multpl_monthly;sp500_forward_pe:trendonify_monthly_nonofficial;nasdaq100_pe_ttm:trendonify_monthly_nonofficial;nasdaq100_forward_pe:trendonify_monthly_nonofficial
2014-02-01,18.06,16.31,17.33,18.4,multpl_sp500_pe_ratio_by_month;trendonify_nasdaq100_forward_pe_monthly;trendonify_nasdaq100_pe_monthly;trendonify_sp500_forward_pe_monthly,sp500_pe_ttm:multpl_monthly;sp500_forward_pe:trendonify_monthly_nonofficial;nasdaq100_pe_ttm:trendonify_monthly_nonofficial;nasdaq100_forward_pe:trendonify_monthly_nonofficial
2014-03-01,18.48,16.42,13.41,17.99,multpl_sp500_pe_ratio_by_month;trendonify_nasdaq100_forward_pe_monthly;trendonify_nasdaq100_pe_monthly;trendonify_sp500_forward_pe_monthly,sp500_pe_ttm:multpl_monthly;sp500_forward_pe:trendonify_monthly_nonofficial;nasdaq100_pe_ttm:trendonify_monthly_nonofficial;nasdaq100_forward_pe:trendonify_monthly_nonofficial
2014-04-01,18.35,16.74,13.36,17.48,multpl_sp500_pe_ratio_by_month;trendonify_nasdaq100_forward_pe_monthly;trendonify_nasdaq100_pe_monthly;trendonify_sp500_forward_pe_monthly,sp500_pe_ttm:multpl_monthly;sp500_forward_pe:trendonify_monthly_nonofficial;nasdaq100_pe_ttm:trendonify_monthly_nonofficial;nasdaq100_forward_pe:trendonify_monthly_nonofficial
2014-05-01,18.46,17.1,13.94,18.29,multpl_sp500_pe_ratio_by_month;trendonify_nasdaq100_forward_pe_monthly;trendonify_nasdaq100_pe_monthly;trendonify_sp500_forward_pe_monthly,sp500_pe_ttm:multpl_monthly;sp500_forward_pe:trendonify_monthly_nonofficial;nasdaq100_pe_ttm:trendonify_monthly_nonofficial;nasdaq100_forward_pe:trendonify_monthly_nonofficial
2014-06-01,18.88,17.42,13.32,18.78,multpl_sp500_pe_ratio_by_month;trendonify_nasdaq100_forward_pe_monthly;trendonify_nasdaq100_pe_monthly;trendonify_sp500_forward_pe_monthly,sp500_pe_ttm:multpl_monthly;sp500_forward_pe:trendonify_monthly_nonofficial;nasdaq100_pe_ttm:trendonify_monthly_nonofficial;nasdaq100_forward_pe:trendonify_monthly_nonofficial
2014-07-01,18.96,17.67,13.47,18.54,multpl_sp500_pe_ratio_by_month;trendonify_nasdaq100_forward_pe_monthly;trendonify_nasdaq100_pe_monthly;trendonify_sp500_forward_pe_monthly,sp500_pe_ttm:multpl_monthly;sp500_forward_pe:trendonify_monthly_nonofficial;nasdaq100_pe_ttm:trendonify_monthly_nonofficial;nasdaq100_forward_pe:trendonify_monthly_nonofficial
2014-08-01,18.68,18.33,14.14,19.79,multpl_sp500_pe_ratio_by_month;trendonify_nasdaq100_forward_pe_monthly;trendonify_nasdaq100_pe_monthly;trendonify_sp500_forward_pe_monthly,sp500_pe_ttm:multpl_monthly;sp500_forward_pe:trendonify_monthly_nonofficial;nasdaq100_pe_ttm:trendonify_monthly_nonofficial;nasdaq100_forward_pe:trendonify_monthly_nonofficial
2014-09-01,18.81,18.05,14.8,19.58,multpl_sp500_pe_ratio_by_month;trendonify_nasdaq100_forward_pe_monthly;trendonify_nasdaq100_pe_monthly;trendonify_sp500_forward_pe_monthly,sp500_pe_ttm:multpl_monthly;sp500_forward_pe:trendonify_monthly_nonofficial;nasdaq100_pe_ttm:trendonify_monthly_nonofficial;nasdaq100_forward_pe:trendonify_monthly_nonofficial
2014-10-01,18.5,19.2,15.2,19.33,multpl_sp500_pe_ratio_by_month;trendonify_nasdaq100_forward_pe_monthly;trendonify_nasdaq100_pe_monthly;trendonify_sp500_forward_pe_monthly,sp500_pe_ttm:multpl_monthly;sp500_forward_pe:trendonify_monthly_nonofficial;nasdaq100_pe_ttm:trendonify_monthly_nonofficial;nasdaq100_forward_pe:trendonify_monthly_nonofficial
2014-11-01,19.75,19.68,15.86,20.04,multpl_sp500_pe_ratio_by_month;trendonify_nasdaq100_forward_pe_monthly;trendonify_nasdaq100_pe_monthly;trendonify_sp500_forward_pe_monthly,sp500_pe_ttm:multpl_monthly;sp500_forward_pe:trendonify_monthly_nonofficial;nasdaq100_pe_ttm:trendonify_monthly_nonofficial;nasdaq100_forward_pe:trendonify_monthly_nonofficial
2014-12-01,20.08,19.59,14.19,19.46,multpl_sp500_pe_ratio_by_month;trendonify_nasdaq100_forward_pe_monthly;trendonify_nasdaq100_pe_monthly;trendonify_sp500_forward_pe_monthly,sp500_pe_ttm:multpl_monthly;sp500_forward_pe:trendonify_monthly_nonofficial;nasdaq100_pe_ttm:trendonify_monthly_nonofficial;nasdaq100_forward_pe:trendonify_monthly_nonofficial
2015-01-01,20.02,19.68,13.89,17.46,multpl_sp500_pe_ratio_by_month;trendonify_nasdaq100_forward_pe_monthly;trendonify_nasdaq100_pe_monthly;trendonify_sp500_forward_pe_monthly,sp500_pe_ttm:multpl_monthly;sp500_forward_pe:trendonify_monthly_nonofficial;nasdaq100_pe_ttm:trendonify_monthly_nonofficial;nasdaq100_forward_pe:trendonify_monthly_nonofficial
2015-02-01,20.77,20.76,14.88,18.8,multpl_sp500_pe_ratio_by_month;trendonify_nasdaq100_forward_pe_monthly;trendonify_nasdaq100_pe_monthly;trendonify_sp500_forward_pe_monthly,sp500_pe_ttm:multpl_monthly;sp500_forward_pe:trendonify_monthly_nonofficial;nasdaq100_pe_ttm:trendonify_monthly_nonofficial;nasdaq100_forward_pe:trendonify_monthly_nonofficial
2015-03-01,20.96,20.4,18.88,18.58,multpl_sp500_pe_ratio_by_month;trendonify_nasdaq100_forward_pe_monthly;trendonify_nasdaq100_pe_monthly;trendonify_sp500_forward_pe_monthly,sp500_pe_ttm:multpl_monthly;sp500_forward_pe:trendonify_monthly_nonofficial;nasdaq100_pe_ttm:trendonify_monthly_nonofficial;nasdaq100_forward_pe:trendonify_monthly_nonofficial
2015-04-01,21.42,20.96,19.23,18.8,multpl_sp500_pe_ratio_by_month;trendonify_nasdaq100_forward_pe_monthly;trendonify_nasdaq100_pe_monthly;trendonify_sp500_forward_pe_monthly,sp500_pe_ttm:multpl_monthly;sp500_forward_pe:trendonify_monthly_nonofficial;nasdaq100_pe_ttm:trendonify_monthly_nonofficial;nasdaq100_forward_pe:trendonify_monthly_nonofficial
2015-05-01,21.92,21.18,19.64,19.21,multpl_sp500_pe_ratio_by_month;trendonify_nasdaq100_forward_pe_monthly;trendonify_nasdaq100_pe_monthly;trendonify_sp500_forward_pe_monthly,sp500_pe_ttm:multpl_monthly;sp500_forward_pe:trendonify_monthly_nonofficial;nasdaq100_pe_ttm:trendonify_monthly_nonofficial;nasdaq100_forward_pe:trendonify_monthly_nonofficial
2015-06-01,22.12,20.73,19.81,18.88,multpl_sp500_pe_ratio_by_month;trendonify_nasdaq100_forward_pe_monthly;trendonify_nasdaq100_pe_monthly;trendonify_sp500_forward_pe_monthly,sp500_pe_ttm:multpl_monthly;sp500_forward_pe:trendonify_monthly_nonofficial;nasdaq100_pe_ttm:trendonify_monthly_nonofficial;nasdaq100_forward_pe:trendonify_monthly_nonofficial
2015-07-01,22.4,21.24,20.67,19.68,multpl_sp500_pe_ratio_by_month;trendonify_nasdaq100_forward_pe_monthly;trendonify_nasdaq100_pe_monthly;trendonify_sp500_forward_pe_monthly,sp500_pe_ttm:multpl_monthly;sp500_forward_pe:trendonify_monthly_nonofficial;nasdaq100_pe_ttm:trendonify_monthly_nonofficial;nasdaq100_forward_pe:trendonify_monthly_nonofficial
2015-08-01,22.15,19.91,19.25,18.33,multpl_sp500_pe_ratio_by_month;trendonify_nasdaq100_forward_pe_monthly;trendonify_nasdaq100_pe_monthly;trendonify_sp500_forward_pe_monthly,sp500_pe_ttm:multpl_monthly;sp500_forward_pe:trendonify_monthly_nonofficial;nasdaq100_pe_ttm:trendonify_monthly_nonofficial;nasdaq100_forward_pe:trendonify_monthly_nonofficial
2015-09-01,21.45,19.38,19.53,17.94,multpl_sp500_pe_ratio_by_month;trendonify_nasdaq100_forward_pe_monthly;trendonify_nasdaq100_pe_monthly;trendonify_sp500_forward_pe_monthly,sp500_pe_ttm:multpl_monthly;sp500_forward_pe:trendonify_monthly_nonofficial;nasdaq100_pe_ttm:trendonify_monthly_nonofficial;nasdaq100_forward_pe:trendonify_monthly_nonofficial
2015-10-01,22.68,20.32,21.73,19.49,multpl_sp500_pe_ratio_by_month;trendonify_nasdaq100_forward_pe_monthly;trendonify_nasdaq100_pe_monthly;trendonify_sp500_forward_pe_monthly,sp500_pe_ttm:multpl_monthly;sp500_forward_pe:trendonify_monthly_nonofficial;nasdaq100_pe_ttm:trendonify_monthly_nonofficial;nasdaq100_forward_pe:trendonify_monthly_nonofficial
2015-11-01,23.67,20.33,21.8,19.87,multpl_sp500_pe_ratio_by_month;trendonify_nasdaq100_forward_pe_monthly;trendonify_nasdaq100_pe_monthly;trendonify_sp500_forward_pe_monthly,sp500_pe_ttm:multpl_monthly;sp500_forward_pe:trendonify_monthly_nonofficial;nasdaq100_pe_ttm:trendonify_monthly_nonofficial;nasdaq100_forward_pe:trendonify_monthly_nonofficial
2015-12-01,23.74,19.97,22.69,19.9,multpl_sp500_pe_ratio_by_month;trendonify_nasdaq100_forward_pe_monthly;trendonify_nasdaq100_pe_monthly;trendonify_sp500_forward_pe_monthly,sp500_pe_ttm:multpl_monthly;sp500_forward_pe:trendonify_monthly_nonofficial;nasdaq100_pe_ttm:trendonify_monthly_nonofficial;nasdaq100_forward_pe:trendonify_monthly_nonofficial
2016-01-01,22.18,18.1,21.14,17.56,multpl_sp500_pe_ratio_by_month;trendonify_nasdaq100_forward_pe_monthly;trendonify_nasdaq100_pe_monthly;trendonify_sp500_forward_pe_monthly,sp500_pe_ttm:multpl_monthly;sp500_forward_pe:trendonify_monthly_nonofficial;nasdaq100_pe_ttm:trendonify_monthly_nonofficial;nasdaq100_forward_pe:trendonify_monthly_nonofficial
2016-02-01,22.02,18.02,20.76,17.21,multpl_sp500_pe_ratio_by_month;trendonify_nasdaq100_forward_pe_monthly;trendonify_nasdaq100_pe_monthly;trendonify_sp500_forward_pe_monthly,sp500_pe_ttm:multpl_monthly;sp500_forward_pe:trendonify_monthly_nonofficial;nasdaq100_pe_ttm:trendonify_monthly_nonofficial;nasdaq100_forward_pe:trendonify_monthly_nonofficial
2016-03-01,23.39,19.21,22.11,18.47,multpl_sp500_pe_ratio_by_month;trendonify_nasdaq100_forward_pe_monthly;trendonify_nasdaq100_pe_monthly;trendonify_sp500_forward_pe_monthly,sp500_pe_ttm:multpl_monthly;sp500_forward_pe:trendonify_monthly_nonofficial;nasdaq100_pe_ttm:trendonify_monthly_nonofficial;nasdaq100_forward_pe:trendonify_monthly_nonofficial
2016-04-01,23.97,18.42,21.41,18.15,multpl_sp500_pe_ratio_by_month;trendonify_nasdaq100_forward_pe_monthly;trendonify_nasdaq100_pe_monthly;trendonify_sp500_forward_pe_monthly,sp500_pe_ttm:multpl_monthly;sp500_forward_pe:trendonify_monthly_nonofficial;nasdaq100_pe_ttm:trendonify_monthly_nonofficial;nasdaq100_forward_pe:trendonify_monthly_nonofficial
2016-05-01,23.81,18.7,22.3,18.98,multpl_sp500_pe_ratio_by_month;trendonify_nasdaq100_forward_pe_monthly;trendonify_nasdaq100_pe_monthly;trendonify_sp500_forward_pe_monthly,sp500_pe_ttm:multpl_monthly;sp500_forward_pe:trendonify_monthly_nonofficial;nasdaq100_pe_ttm:trendonify_monthly_nonofficial;nasdaq100_forward_pe:trendonify_monthly_nonofficial
2016-06-01,23.97,18.72,21.13,18.67,multpl_sp500_pe_ratio_by_month;trendonify_nasdaq100_forward_pe_monthly;trendonify_nasdaq100_pe_monthly;trendonify_sp500_forward_pe_monthly,sp500_pe_ttm:multpl_monthly;sp500_forward_pe:trendonify_monthly_nonofficial;nasdaq100_pe_ttm:trendonify_monthly_nonofficial;nasdaq100_forward_pe:trendonify_monthly_nonofficial
2016-07-01,24.52,18.58,22.62,19.7,multpl_sp500_pe_ratio_by_month;trendonify_nasdaq100_forward_pe_monthly;trendonify_nasdaq100_pe_monthly;trendonify_sp500_forward_pe_monthly,sp500_pe_ttm:multpl_monthly;sp500_forward_pe:trendonify_monthly_nonofficial;nasdaq100_pe_ttm:trendonify_monthly_nonofficial;nasdaq100_forward_pe:trendonify_monthly_nonofficial
2016-08-01,24.57,18.56,22.82,19.77,multpl_sp500_pe_ratio_by_month;trendonify_nasdaq100_forward_pe_monthly;trendonify_nasdaq100_pe_monthly;trendonify_sp500_forward_pe_monthly,sp500_pe_ttm:multpl_monthly;sp500_forward_pe:trendonify_monthly_nonofficial;nasdaq100_pe_ttm:trendonify_monthly_nonofficial;nasdaq100_forward_pe:trendonify_monthly_nonofficial
2016-09-01,24.22,18.54,24.3,20.05,multpl_sp500_pe_ratio_by_month;trendonify_nasdaq100_forward_pe_monthly;trendonify_nasdaq100_pe_monthly;trendonify_sp500_forward_pe_monthly,sp500_pe_ttm:multpl_monthly;sp500_forward_pe:trendonify_monthly_nonofficial;nasdaq100_pe_ttm:trendonify_monthly_nonofficial;nasdaq100_forward_pe:trendonify_monthly_nonofficial
2016-10-01,23.57,17.77,23.93,19.23,multpl_sp500_pe_ratio_by_month;trendonify_nasdaq100_forward_pe_monthly;trendonify_nasdaq100_pe_monthly;trendonify_sp500_forward_pe_monthly,sp500_pe_ttm:multpl_monthly;sp500_forward_pe:trendonify_monthly_nonofficial;nasdaq100_pe_ttm:trendonify_monthly_nonofficial;nasdaq100_forward_pe:trendonify_monthly_nonofficial
2016-11-01,23.35,18.38,23.98,19.1,multpl_sp500_pe_ratio_by_month;trendonify_nasdaq100_forward_pe_monthly;trendonify_nasdaq100_pe_monthly;trendonify_sp500_forward_pe_monthly,sp500_pe_ttm:multpl_monthly;sp500_forward_pe:trendonify_monthly_nonofficial;nasdaq100_pe_ttm:trendonify_monthly_nonofficial;nasdaq100_forward_pe:trendonify_monthly_nonofficial
2016-12-01,23.76,18.71,24.24,19.24,multpl_sp500_pe_ratio_by_month;trendonify_nasdaq100_forward_pe_monthly;trendonify_nasdaq100_pe_monthly;trendonify_sp500_forward_pe_monthly,sp500_pe_ttm:multpl_monthly;sp500_forward_pe:trendonify_monthly_nonofficial;nasdaq100_pe_ttm:trendonify_monthly_nonofficial;nasdaq100_forward_pe:trendonify_monthly_nonofficial
2017-01-01,23.59,18.14,23.68,18.93,multpl_sp500_pe_ratio_by_month;trendonify_nasdaq100_forward_pe_monthly;trendonify_nasdaq100_pe_monthly;trendonify_sp500_forward_pe_monthly,sp500_pe_ttm:multpl_monthly;sp500_forward_pe:trendonify_monthly_nonofficial;nasdaq100_pe_ttm:trendonify_monthly_nonofficial;nasdaq100_forward_pe:trendonify_monthly_nonofficial
2017-02-01,23.68,18.81,24.66,19.91,multpl_sp500_pe_ratio_by_month;trendonify_nasdaq100_forward_pe_monthly;trendonify_nasdaq100_pe_monthly;trendonify_sp500_forward_pe_monthly,sp500_pe_ttm:multpl_monthly;sp500_forward_pe:trendonify_monthly_nonofficial;nasdaq100_pe_ttm:trendonify_monthly_nonofficial;nasdaq100_forward_pe:trendonify_monthly_nonofficial
2017-03-01,23.6,18.81,23.81,20.2,multpl_sp500_pe_ratio_by_month;trendonify_nasdaq100_forward_pe_monthly;trendonify_nasdaq100_pe_monthly;trendonify_sp500_forward_pe_monthly,sp500_pe_ttm:multpl_monthly;sp500_forward_pe:trendonify_monthly_nonofficial;nasdaq100_pe_ttm:trendonify_monthly_nonofficial;nasdaq100_forward_pe:trendonify_monthly_nonofficial
2017-04-01,23.24,17.87,24.45,20.59,multpl_sp500_pe_ratio_by_month;trendonify_nasdaq100_forward_pe_monthly;trendonify_nasdaq100_pe_monthly;trendonify_sp500_forward_pe_monthly,sp500_pe_ttm:multpl_monthly;sp500_forward_pe:trendonify_monthly_nonofficial;nasdaq100_pe_ttm:trendonify_monthly_nonofficial;nasdaq100_forward_pe:trendonify_monthly_nonofficial
2017-05-01,23.31,18.08,25.35,21.37,multpl_sp500_pe_ratio_by_month;trendonify_nasdaq100_forward_pe_monthly;trendonify_nasdaq100_pe_monthly;trendonify_sp500_forward_pe_monthly,sp500_pe_ttm:multpl_monthly;sp500_forward_pe:trendonify_monthly_nonofficial;nasdaq100_pe_ttm:trendonify_monthly_nonofficial;nasdaq100_forward_pe:trendonify_monthly_nonofficial
2017-06-01,23.4,18.16,24.06,20.75,multpl_sp500_pe_ratio_by_month;trendonify_nasdaq100_forward_pe_monthly;trendonify_nasdaq100_pe_monthly;trendonify_sp500_forward_pe_monthly,sp500_pe_ttm:multpl_monthly;sp500_forward_pe:trendonify_monthly_nonofficial;nasdaq100_pe_ttm:trendonify_monthly_nonofficial;nasdaq100_forward_pe:trendonify_monthly_nonofficial
2017-07-01,23.36,17.44,25.06,21.25,multpl_sp500_pe_ratio_by_month;trendonify_nasdaq100_forward_pe_monthly;trendonify_nasdaq100_pe_monthly;trendonify_sp500_forward_pe_monthly,sp500_pe_ttm:multpl_monthly;sp500_forward_pe:trendonify_monthly_nonofficial;nasdaq100_pe_ttm:trendonify_monthly_nonofficial;nasdaq100_forward_pe:trendonify_monthly_nonofficial
2017-08-01,23.16,17.45,25.53,21.58,multpl_sp500_pe_ratio_by_month;trendonify_nasdaq100_forward_pe_monthly;trendonify_nasdaq100_pe_monthly;trendonify_sp500_forward_pe_monthly,sp500_pe_ttm:multpl_monthly;sp500_forward_pe:trendonify_monthly_nonofficial;nasdaq100_pe_ttm:trendonify_monthly_nonofficial;nasdaq100_forward_pe:trendonify_monthly_nonofficial
2017-09-01,23.28,17.79,25.49,21.29,multpl_sp500_pe_ratio_by_month;trendonify_nasdaq100_forward_pe_monthly;trendonify_nasdaq100_pe_monthly;trendonify_sp500_forward_pe_monthly,sp500_pe_ttm:multpl_monthly;sp500_forward_pe:trendonify_monthly_nonofficial;nasdaq100_pe_ttm:trendonify_monthly_nonofficial;nasdaq100_forward_pe:trendonify_monthly_nonofficial
2017-10-01,23.67,16.97,24.09,21.03,multpl_sp500_pe_ratio_by_month;trendonify_nasdaq100_forward_pe_monthly;trendonify_nasdaq100_pe_monthly;trendonify_sp500_forward_pe_monthly,sp500_pe_ttm:multpl_monthly;sp500_forward_pe:trendonify_monthly_nonofficial;nasdaq100_pe_ttm:trendonify_monthly_nonofficial;nasdaq100_forward_pe:trendonify_monthly_nonofficial
2017-11-01,23.81,17.44,24.54,21.02,multpl_sp500_pe_ratio_by_month;trendonify_nasdaq100_forward_pe_monthly;trendonify_nasdaq100_pe_monthly;trendonify_sp500_forward_pe_monthly,sp500_pe_ttm:multpl_monthly;sp500_forward_pe:trendonify_monthly_nonofficial;nasdaq100_pe_ttm:trendonify_monthly_nonofficial;nasdaq100_forward_pe:trendonify_monthly_nonofficial
2017-12-01,24.25,17.61,24.66,21.14,multpl_sp500_pe_ratio_by_month;trendonify_nasdaq100_forward_pe_monthly;trendonify_nasdaq100_pe_monthly;trendonify_sp500_forward_pe_monthly,sp500_pe_ttm:multpl_monthly;sp500_forward_pe:trendonify_monthly_nonofficial;nasdaq100_pe_ttm:trendonify_monthly_nonofficial;nasdaq100_forward_pe:trendonify_monthly_nonofficial
2018-01-01,24.97,18.46,28.72,20.89,multpl_sp500_pe_ratio_by_month;trendonify_nasdaq100_forward_pe_monthly;trendonify_nasdaq100_pe_monthly;trendonify_sp500_forward_pe_monthly,sp500_pe_ttm:multpl_monthly;sp500_forward_pe:trendonify_monthly_nonofficial;nasdaq100_pe_ttm:trendonify_monthly_nonofficial;nasdaq100_forward_pe:trendonify_monthly_nonofficial
2018-02-01,23.82,17.74,28.32,20.16,multpl_sp500_pe_ratio_by_month;trendonify_nasdaq100_forward_pe_monthly;trendonify_nasdaq100_pe_monthly;trendonify_sp500_forward_pe_monthly,sp500_pe_ttm:multpl_monthly;sp500_forward_pe:trendonify_monthly_nonofficial;nasdaq100_pe_ttm:trendonify_monthly_nonofficial;nasdaq100_forward_pe:trendonify_monthly_nonofficial
2018-03-01,23.41,17.26,27.2,19.45,multpl_sp500_pe_ratio_by_month;trendonify_nasdaq100_forward_pe_monthly;trendonify_nasdaq100_pe_monthly;trendonify_sp500_forward_pe_monthly,sp500_pe_ttm:multpl_monthly;sp500_forward_pe:trendonify_monthly_nonofficial;nasdaq100_pe_ttm:trendonify_monthly_nonofficial;nasdaq100_forward_pe:trendonify_monthly_nonofficial
2018-04-01,22.53,17.15,25.7,19.16,multpl_sp500_pe_ratio_by_month;trendonify_nasdaq100_forward_pe_monthly;trendonify_nasdaq100_pe_monthly;trendonify_sp500_forward_pe_monthly,sp500_pe_ttm:multpl_monthly;sp500_forward_pe:trendonify_monthly_nonofficial;nasdaq100_pe_ttm:trendonify_monthly_nonofficial;nasdaq100_forward_pe:trendonify_monthly_nonofficial
2018-05-01,22.49,17.52,27.11,20.18,multpl_sp500_pe_ratio_by_month;trendonify_nasdaq100_forward_pe_monthly;trendonify_nasdaq100_pe_monthly;trendonify_sp500_forward_pe_monthly,sp500_pe_ttm:multpl_monthly;sp500_forward_pe:trendonify_monthly_nonofficial;nasdaq100_pe_ttm:trendonify_monthly_nonofficial;nasdaq100_forward_pe:trendonify_monthly_nonofficial
2018-06-01,22.49,17.6,27.39,20.36,multpl_sp500_pe_ratio_by_month;trendonify_nasdaq100_forward_pe_monthly;trendonify_nasdaq100_pe_monthly;trendonify_sp500_forward_pe_monthly,sp500_pe_ttm:multpl_monthly;sp500_forward_pe:trendonify_monthly_nonofficial;nasdaq100_pe_ttm:trendonify_monthly_nonofficial;nasdaq100_forward_pe:trendonify_monthly_nonofficial
2018-07-01,22.33,18.06,25.81,20.49,multpl_sp500_pe_ratio_by_month;trendonify_nasdaq100_forward_pe_monthly;trendonify_nasdaq100_pe_monthly;trendonify_sp500_forward_pe_monthly,sp500_pe_ttm:multpl_monthly;sp500_forward_pe:trendonify_monthly_nonofficial;nasdaq100_pe_ttm:trendonify_monthly_nonofficial;nasdaq100_forward_pe:trendonify_monthly_nonofficial
2018-08-01,22.37,18.61,27.31,21.6,multpl_sp500_pe_ratio_by_month;trendonify_nasdaq100_forward_pe_monthly;trendonify_nasdaq100_pe_monthly;trendonify_sp500_forward_pe_monthly,sp500_pe_ttm:multpl_monthly;sp500_forward_pe:trendonify_monthly_nonofficial;nasdaq100_pe_ttm:trendonify_monthly_nonofficial;nasdaq100_forward_pe:trendonify_monthly_nonofficial
2018-09-01,22.25,18.69,27.22,21.54,multpl_sp500_pe_ratio_by_month;trendonify_nasdaq100_forward_pe_monthly;trendonify_nasdaq100_pe_monthly;trendonify_sp500_forward_pe_monthly,sp500_pe_ttm:multpl_monthly;sp500_forward_pe:trendonify_monthly_nonofficial;nasdaq100_pe_ttm:trendonify_monthly_nonofficial;nasdaq100_forward_pe:trendonify_monthly_nonofficial
2018-10-01,21.25,17.57,23.43,18.88,multpl_sp500_pe_ratio_by_month;trendonify_nasdaq100_forward_pe_monthly;trendonify_nasdaq100_pe_monthly;trendonify_sp500_forward_pe_monthly,sp500_pe_ttm:multpl_monthly;sp500_forward_pe:trendonify_monthly_nonofficial;nasdaq100_pe_ttm:trendonify_monthly_nonofficial;nasdaq100_forward_pe:trendonify_monthly_nonofficial
2018-11-01,20.67,17.88,23.37,18.93,multpl_sp500_pe_ratio_by_month;trendonify_nasdaq100_forward_pe_monthly;trendonify_nasdaq100_pe_monthly;trendonify_sp500_forward_pe_monthly,sp500_pe_ttm:multpl_monthly;sp500_forward_pe:trendonify_monthly_nonofficial;nasdaq100_pe_ttm:trendonify_monthly_nonofficial;nasdaq100_forward_pe:trendonify_monthly_nonofficial
2018-12-01,19.39,16.24,18.92,17.5,multpl_sp500_pe_ratio_by_month;trendonify_nasdaq100_forward_pe_monthly;trendonify_nasdaq100_pe_monthly;trendonify_sp500_forward_pe_monthly,sp500_pe_ttm:multpl_monthly;sp500_forward_pe:trendonify_monthly_nonofficial;nasdaq100_pe_ttm:trendonify_monthly_nonofficial;nasdaq100_forward_pe:trendonify_monthly_nonofficial
2019-01-01,19.6,17.06,20.65,18.55,multpl_sp500_pe_ratio_by_month;trendonify_nasdaq100_forward_pe_monthly;trendonify_nasdaq100_pe_monthly;trendonify_sp500_forward_pe_monthly,sp500_pe_ttm:multpl_monthly;sp500_forward_pe:trendonify_monthly_nonofficial;nasdaq100_pe_ttm:trendonify_monthly_nonofficial;nasdaq100_forward_pe:trendonify_monthly_nonofficial
2019-02-01,20.6,17.56,21.22,19.23,multpl_sp500_pe_ratio_by_month;trendonify_nasdaq100_forward_pe_monthly;trendonify_nasdaq100_pe_monthly;trendonify_sp500_forward_pe_monthly,sp500_pe_ttm:multpl_monthly;sp500_forward_pe:trendonify_monthly_nonofficial;nasdaq100_pe_ttm:trendonify_monthly_nonofficial;nasdaq100_forward_pe:trendonify_monthly_nonofficial
2019-03-01,20.86,17.88,22.06,20.07,multpl_sp500_pe_ratio_by_month;trendonify_nasdaq100_forward_pe_monthly;trendonify_nasdaq100_pe_monthly;trendonify_sp500_forward_pe_monthly,sp500_pe_ttm:multpl_monthly;sp500_forward_pe:trendonify_monthly_nonofficial;nasdaq100_pe_ttm:trendonify_monthly_nonofficial;nasdaq100_forward_pe:trendonify_monthly_nonofficial
2019-04-01,21.56,21.06,23.21,21.16,multpl_sp500_pe_ratio_by_month;trendonify_nasdaq100_forward_pe_monthly;trendonify_nasdaq100_pe_monthly;trendonify_sp500_forward_pe_monthly,sp500_pe_ttm:multpl_monthly;sp500_forward_pe:trendonify_monthly_nonofficial;nasdaq100_pe_ttm:trendonify_monthly_nonofficial;nasdaq100_forward_pe:trendonify_monthly_nonofficial
2019-05-01,21.15,19.67,21.26,19.44,multpl_sp500_pe_ratio_by_month;trendonify_nasdaq100_forward_pe_monthly;trendonify_nasdaq100_pe_monthly;trendonify_sp500_forward_pe_monthly,sp500_pe_ttm:multpl_monthly;sp500_forward_pe:trendonify_monthly_nonofficial;nasdaq100_pe_ttm:trendonify_monthly_nonofficial;nasdaq100_forward_pe:trendonify_monthly_nonofficial
2019-06-01,21.37,21.03,22.88,21.04,multpl_sp500_pe_ratio_by_month;trendonify_nasdaq100_forward_pe_monthly;trendonify_nasdaq100_pe_monthly;trendonify_sp500_forward_pe_monthly,sp500_pe_ttm:multpl_monthly;sp500_forward_pe:trendonify_monthly_nonofficial;nasdaq100_pe_ttm:trendonify_monthly_nonofficial;nasdaq100_forward_pe:trendonify_monthly_nonofficial
2019-07-01,22.28,23.58,23.45,21.13,multpl_sp500_pe_ratio_by_month;trendonify_nasdaq100_forward_pe_monthly;trendonify_nasdaq100_pe_monthly;trendonify_sp500_forward_pe_monthly,sp500_pe_ttm:multpl_monthly;sp500_forward_pe:trendonify_monthly_nonofficial;nasdaq100_pe_ttm:trendonify_monthly_nonofficial;nasdaq100_forward_pe:trendonify_monthly_nonofficial
2019-08-01,21.67,23.15,22.98,20.75,multpl_sp500_pe_ratio_by_month;trendonify_nasdaq100_forward_pe_monthly;trendonify_nasdaq100_pe_monthly;trendonify_sp500_forward_pe_monthly,sp500_pe_ttm:multpl_monthly;sp500_forward_pe:trendonify_monthly_nonofficial;nasdaq100_pe_ttm:trendonify_monthly_nonofficial;nasdaq100_forward_pe:trendonify_monthly_nonofficial
2019-09-01,22.44,23.55,23.3,21.23,multpl_sp500_pe_ratio_by_month;trendonify_nasdaq100_forward_pe_monthly;trendonify_nasdaq100_pe_monthly;trendonify_sp500_forward_pe_monthly,sp500_pe_ttm:multpl_monthly;sp500_forward_pe:trendonify_monthly_nonofficial;nasdaq100_pe_ttm:trendonify_monthly_nonofficial;nasdaq100_forward_pe:trendonify_monthly_nonofficial
2019-10-01,22.04,24.4,24.3,21.82,multpl_sp500_pe_ratio_by_month;trendonify_nasdaq100_forward_pe_monthly;trendonify_nasdaq100_pe_monthly;trendonify_sp500_forward_pe_monthly,sp500_pe_ttm:multpl_monthly;sp500_forward_pe:trendonify_monthly_nonofficial;nasdaq100_pe_ttm:trendonify_monthly_nonofficial;nasdaq100_forward_pe:trendonify_monthly_nonofficial
2019-11-01,22.62,25.23,25.26,22.85,multpl_sp500_pe_ratio_by_month;trendonify_nasdaq100_forward_pe_monthly;trendonify_nasdaq100_pe_monthly;trendonify_sp500_forward_pe_monthly,sp500_pe_ttm:multpl_monthly;sp500_forward_pe:trendonify_monthly_nonofficial;nasdaq100_pe_ttm:trendonify_monthly_nonofficial;nasdaq100_forward_pe:trendonify_monthly_nonofficial
2019-12-01,22.78,25.95,24.74,23.78,multpl_sp500_pe_ratio_by_month;trendonify_nasdaq100_forward_pe_monthly;trendonify_nasdaq100_pe_monthly;trendonify_sp500_forward_pe_monthly,sp500_pe_ttm:multpl_monthly;sp500_forward_pe:trendonify_monthly_nonofficial;nasdaq100_pe_ttm:trendonify_monthly_nonofficial;nasdaq100_forward_pe:trendonify_monthly_nonofficial
2020-01-01,24.88,26.12,25.48,22.42,multpl_sp500_pe_ratio_by_month;trendonify_nasdaq100_forward_pe_monthly;trendonify_nasdaq100_pe_monthly;trendonify_sp500_forward_pe_monthly,sp500_pe_ttm:multpl_monthly;sp500_forward_pe:trendonify_monthly_nonofficial;nasdaq100_pe_ttm:trendonify_monthly_nonofficial;nasdaq100_forward_pe:trendonify_monthly_nonofficial
2020-02-01,26.42,23.92,23.97,21.45,multpl_sp500_pe_ratio_by_month;trendonify_nasdaq100_forward_pe_monthly;trendonify_nasdaq100_pe_monthly;trendonify_sp500_forward_pe_monthly,sp500_pe_ttm:multpl_monthly;sp500_forward_pe:trendonify_monthly_nonofficial;nasdaq100_pe_ttm:trendonify_monthly_nonofficial;nasdaq100_forward_pe:trendonify_monthly_nonofficial
2020-03-01,22.8,20.93,22.72,21.93,multpl_sp500_pe_ratio_by_month;trendonify_nasdaq100_forward_pe_monthly;trendonify_nasdaq100_pe_monthly;trendonify_sp500_forward_pe_monthly,sp500_pe_ttm:multpl_monthly;sp500_forward_pe:trendonify_monthly_nonofficial;nasdaq100_pe_ttm:trendonify_monthly_nonofficial;nasdaq100_forward_pe:trendonify_monthly_nonofficial
2020-04-01,24.97,19.21,26.18,26.73,multpl_sp500_pe_ratio_by_month;trendonify_nasdaq100_forward_pe_monthly;trendonify_nasdaq100_pe_monthly;trendonify_sp500_forward_pe_monthly,sp500_pe_ttm:multpl_monthly;sp500_forward_pe:trendonify_monthly_nonofficial;nasdaq100_pe_ttm:trendonify_monthly_nonofficial;nasdaq100_forward_pe:trendonify_monthly_nonofficial
2020-05-01,27.82,20.08,27.79,28.77,multpl_sp500_pe_ratio_by_month;trendonify_nasdaq100_forward_pe_monthly;trendonify_nasdaq100_pe_monthly;trendonify_sp500_forward_pe_monthly,sp500_pe_ttm:multpl_monthly;sp500_forward_pe:trendonify_monthly_nonofficial;nasdaq100_pe_ttm:trendonify_monthly_nonofficial;nasdaq100_forward_pe:trendonify_monthly_nonofficial
2020-06-01,31.29,20.44,30.09,30.22,multpl_sp500_pe_ratio_by_month;trendonify_nasdaq100_forward_pe_monthly;trendonify_nasdaq100_pe_monthly;trendonify_sp500_forward_pe_monthly,sp500_pe_ttm:multpl_monthly;sp500_forward_pe:trendonify_monthly_nonofficial;nasdaq100_pe_ttm:trendonify_monthly_nonofficial;nasdaq100_forward_pe:trendonify_monthly_nonofficial
2020-07-01,32.44,18.47,32.32,30.69,multpl_sp500_pe_ratio_by_month;trendonify_nasdaq100_forward_pe_monthly;trendonify_nasdaq100_pe_monthly;trendonify_sp500_forward_pe_monthly,sp500_pe_ttm:multpl_monthly;sp500_forward_pe:trendonify_monthly_nonofficial;nasdaq100_pe_ttm:trendonify_monthly_nonofficial;nasdaq100_forward_pe:trendonify_monthly_nonofficial
2020-08-01,34.41,19.76,35.88,33.92,multpl_sp500_pe_ratio_by_month;trendonify_nasdaq100_forward_pe_monthly;trendonify_nasdaq100_pe_monthly;trendonify_sp500_forward_pe_monthly,sp500_pe_ttm:multpl_monthly;sp500_forward_pe:trendonify_monthly_nonofficial;nasdaq100_pe_ttm:trendonify_monthly_nonofficial;nasdaq100_forward_pe:trendonify_monthly_nonofficial
2020-09-01,34.27,18.99,34.1,31.73,multpl_sp500_pe_ratio_by_month;trendonify_nasdaq100_forward_pe_monthly;trendonify_nasdaq100_pe_monthly;trendonify_sp500_forward_pe_monthly,sp500_pe_ttm:multpl_monthly;sp500_forward_pe:trendonify_monthly_nonofficial;nasdaq100_pe_ttm:trendonify_monthly_nonofficial;nasdaq100_forward_pe:trendonify_monthly_nonofficial
2020-10-01,35.3,17.09,33.01,28.84,multpl_sp500_pe_ratio_by_month;trendonify_nasdaq100_forward_pe_monthly;trendonify_nasdaq100_pe_monthly;trendonify_sp500_forward_pe_monthly,sp500_pe_ttm:multpl_monthly;sp500_forward_pe:trendonify_monthly_nonofficial;nasdaq100_pe_ttm:trendonify_monthly_nonofficial;nasdaq100_forward_pe:trendonify_monthly_nonofficial
2020-11-01,37.16,18.92,36.64,31.6,multpl_sp500_pe_ratio_by_month;trendonify_nasdaq100_forward_pe_monthly;trendonify_nasdaq100_pe_monthly;trendonify_sp500_forward_pe_monthly,sp500_pe_ttm:multpl_monthly;sp500_forward_pe:trendonify_monthly_nonofficial;nasdaq100_pe_ttm:trendonify_monthly_nonofficial;nasdaq100_forward_pe:trendonify_monthly_nonofficial
2020-12-01,39.26,19.63,35.54,32.72,multpl_sp500_pe_ratio_by_month;trendonify_nasdaq100_forward_pe_monthly;trendonify_nasdaq100_pe_monthly;trendonify_sp500_forward_pe_monthly,sp500_pe_ttm:multpl_monthly;sp500_forward_pe:trendonify_monthly_nonofficial;nasdaq100_pe_ttm:trendonify_monthly_nonofficial;nasdaq100_forward_pe:trendonify_monthly_nonofficial
2021-01-01,35.96,17.68,35.64,28.74,multpl_sp500_pe_ratio_by_month;trendonify_nasdaq100_forward_pe_monthly;trendonify_nasdaq100_pe_monthly;trendonify_sp500_forward_pe_monthly,sp500_pe_ttm:multpl_monthly;sp500_forward_pe:trendonify_monthly_nonofficial;nasdaq100_pe_ttm:trendonify_monthly_nonofficial;nasdaq100_forward_pe:trendonify_monthly_nonofficial
2021-02-01,33.24,18.14,35.6,27.89,multpl_sp500_pe_ratio_by_month;trendonify_nasdaq100_forward_pe_monthly;trendonify_nasdaq100_pe_monthly;trendonify_sp500_forward_pe_monthly,sp500_pe_ttm:multpl_monthly;sp500_forward_pe:trendonify_monthly_nonofficial;nasdaq100_pe_ttm:trendonify_monthly_nonofficial;nasdaq100_forward_pe:trendonify_monthly_nonofficial
2021-03-01,30.5,18.91,32.06,28.16,multpl_sp500_pe_ratio_by_month;trendonify_nasdaq100_forward_pe_monthly;trendonify_nasdaq100_pe_monthly;trendonify_sp500_forward_pe_monthly,sp500_pe_ttm:multpl_monthly;sp500_forward_pe:trendonify_monthly_nonofficial;nasdaq100_pe_ttm:trendonify_monthly_nonofficial;nasdaq100_forward_pe:trendonify_monthly_nonofficial
2021-04-01,29.92,19.72,33.94,28.04,multpl_sp500_pe_ratio_by_month;trendonify_nasdaq100_forward_pe_monthly;trendonify_nasdaq100_pe_monthly;trendonify_sp500_forward_pe_monthly,sp500_pe_ttm:multpl_monthly;sp500_forward_pe:trendonify_monthly_nonofficial;nasdaq100_pe_ttm:trendonify_monthly_nonofficial;nasdaq100_forward_pe:trendonify_monthly_nonofficial
2021-05-01,28.05,19.82,33.52,26.96,multpl_sp500_pe_ratio_by_month;trendonify_nasdaq100_forward_pe_monthly;trendonify_nasdaq100_pe_monthly;trendonify_sp500_forward_pe_monthly,sp500_pe_ttm:multpl_monthly;sp500_forward_pe:trendonify_monthly_nonofficial;nasdaq100_pe_ttm:trendonify_monthly_nonofficial;nasdaq100_forward_pe:trendonify_monthly_nonofficial
2021-06-01,26.7,20.26,30.28,26.54,multpl_sp500_pe_ratio_by_month;trendonify_nasdaq100_forward_pe_monthly;trendonify_nasdaq100_pe_monthly;trendonify_sp500_forward_pe_monthly,sp500_pe_ttm:multpl_monthly;sp500_forward_pe:trendonify_monthly_nonofficial;nasdaq100_pe_ttm:trendonify_monthly_nonofficial;nasdaq100_forward_pe:trendonify_monthly_nonofficial
2021-07-01,26.56,21.25,31.13,26.19,multpl_sp500_pe_ratio_by_month;trendonify_nasdaq100_forward_pe_monthly;trendonify_nasdaq100_pe_monthly;trendonify_sp500_forward_pe_monthly,sp500_pe_ttm:multpl_monthly;sp500_forward_pe:trendonify_monthly_nonofficial;nasdaq100_pe_ttm:trendonify_monthly_nonofficial;nasdaq100_forward_pe:trendonify_monthly_nonofficial
2021-08-01,26.23,21.87,32.42,26.82,multpl_sp500_pe_ratio_by_month;trendonify_nasdaq100_forward_pe_monthly;trendonify_nasdaq100_pe_monthly;trendonify_sp500_forward_pe_monthly,sp500_pe_ttm:multpl_monthly;sp500_forward_pe:trendonify_monthly_nonofficial;nasdaq100_pe_ttm:trendonify_monthly_nonofficial;nasdaq100_forward_pe:trendonify_monthly_nonofficial
2021-09-01,25.35,20.83,29.19,25.17,multpl_sp500_pe_ratio_by_month;trendonify_nasdaq100_forward_pe_monthly;trendonify_nasdaq100_pe_monthly;trendonify_sp500_forward_pe_monthly,sp500_pe_ttm:multpl_monthly;sp500_forward_pe:trendonify_monthly_nonofficial;nasdaq100_pe_ttm:trendonify_monthly_nonofficial;nasdaq100_forward_pe:trendonify_monthly_nonofficial
2021-10-01,24.39,22.45,31.51,27.42,multpl_sp500_pe_ratio_by_month;trendonify_nasdaq100_forward_pe_monthly;trendonify_nasdaq100_pe_monthly;trendonify_sp500_forward_pe_monthly,sp500_pe_ttm:multpl_monthly;sp500_forward_pe:trendonify_monthly_nonofficial;nasdaq100_pe_ttm:trendonify_monthly_nonofficial;nasdaq100_forward_pe:trendonify_monthly_nonofficial
2021-11-01,24.52,22.26,32.07,27.59,multpl_sp500_pe_ratio_by_month;trendonify_nasdaq100_forward_pe_monthly;trendonify_nasdaq100_pe_monthly;trendonify_sp500_forward_pe_monthly,sp500_pe_ttm:multpl_monthly;sp500_forward_pe:trendonify_monthly_nonofficial;nasdaq100_pe_ttm:trendonify_monthly_nonofficial;nasdaq100_forward_pe:trendonify_monthly_nonofficial
2021-12-01,23.63,23.23,31.08,27.64,multpl_sp500_pe_ratio_by_month;trendonify_nasdaq100_forward_pe_monthly;trendonify_nasdaq100_pe_monthly;trendonify_sp500_forward_pe_monthly,sp500_pe_ttm:multpl_monthly;sp500_forward_pe:trendonify_monthly_nonofficial;nasdaq100_pe_ttm:trendonify_monthly_nonofficial;nasdaq100_forward_pe:trendonify_monthly_nonofficial
2022-01-01,23.11,22.72,28.42,24.92,multpl_sp500_pe_ratio_by_month;trendonify_nasdaq100_forward_pe_monthly;trendonify_nasdaq100_pe_monthly;trendonify_sp500_forward_pe_monthly,sp500_pe_ttm:multpl_monthly;sp500_forward_pe:trendonify_monthly_nonofficial;nasdaq100_pe_ttm:trendonify_monthly_nonofficial;nasdaq100_forward_pe:trendonify_monthly_nonofficial
2022-02-01,22.42,22.01,27.11,23.67,multpl_sp500_pe_ratio_by_month;trendonify_nasdaq100_forward_pe_monthly;trendonify_nasdaq100_pe_monthly;trendonify_sp500_forward_pe_monthly,sp500_pe_ttm:multpl_monthly;sp500_forward_pe:trendonify_monthly_nonofficial;nasdaq100_pe_ttm:trendonify_monthly_nonofficial;nasdaq100_forward_pe:trendonify_monthly_nonofficial
2022-03-01,22.19,22.8,28.65,24.41,multpl_sp500_pe_ratio_by_month;trendonify_nasdaq100_forward_pe_monthly;trendonify_nasdaq100_pe_monthly;trendonify_sp500_forward_pe_monthly,sp500_pe_ttm:multpl_monthly;sp500_forward_pe:trendonify_monthly_nonofficial;nasdaq100_pe_ttm:trendonify_monthly_nonofficial;nasdaq100_forward_pe:trendonify_monthly_nonofficial
2022-04-01,22.4,20.46,24.82,21.27,multpl_sp500_pe_ratio_by_month;trendonify_nasdaq100_forward_pe_monthly;trendonify_nasdaq100_pe_monthly;trendonify_sp500_forward_pe_monthly,sp500_pe_ttm:multpl_monthly;sp500_forward_pe:trendonify_monthly_nonofficial;nasdaq100_pe_ttm:trendonify_monthly_nonofficial;nasdaq100_forward_pe:trendonify_monthly_nonofficial
2022-05-01,20.81,20.46,24.41,20.89,multpl_sp500_pe_ratio_by_month;trendonify_nasdaq100_forward_pe_monthly;trendonify_nasdaq100_pe_monthly;trendonify_sp500_forward_pe_monthly,sp500_pe_ttm:multpl_monthly;sp500_forward_pe:trendonify_monthly_nonofficial;nasdaq100_pe_ttm:trendonify_monthly_nonofficial;nasdaq100_forward_pe:trendonify_monthly_nonofficial
2022-06-01,20.28,18.74,23.85,18.93,multpl_sp500_pe_ratio_by_month;trendonify_nasdaq100_forward_pe_monthly;trendonify_nasdaq100_pe_monthly;trendonify_sp500_forward_pe_monthly,sp500_pe_ttm:multpl_monthly;sp500_forward_pe:trendonify_monthly_nonofficial;nasdaq100_pe_ttm:trendonify_monthly_nonofficial;nasdaq100_forward_pe:trendonify_monthly_nonofficial
2022-07-01,20.53,19.67,26.85,21.85,multpl_sp500_pe_ratio_by_month;trendonify_nasdaq100_forward_pe_monthly;trendonify_nasdaq100_pe_monthly;trendonify_sp500_forward_pe_monthly,sp500_pe_ttm:multpl_monthly;sp500_forward_pe:trendonify_monthly_nonofficial;nasdaq100_pe_ttm:trendonify_monthly_nonofficial;nasdaq100_forward_pe:trendonify_monthly_nonofficial
2022-08-01,22.03,18.83,25.46,20.87,multpl_sp500_pe_ratio_by_month;trendonify_nasdaq100_forward_pe_monthly;trendonify_nasdaq100_pe_monthly;trendonify_sp500_forward_pe_monthly,sp500_pe_ttm:multpl_monthly;sp500_forward_pe:trendonify_monthly_nonofficial;nasdaq100_pe_ttm:trendonify_monthly_nonofficial;nasdaq100_forward_pe:trendonify_monthly_nonofficial
2022-09-01,20.58,17.08,24.04,18.5,multpl_sp500_pe_ratio_by_month;trendonify_nasdaq100_forward_pe_monthly;trendonify_nasdaq100_pe_monthly;trendonify_sp500_forward_pe_monthly,sp500_pe_ttm:multpl_monthly;sp500_forward_pe:trendonify_monthly_nonofficial;nasdaq100_pe_ttm:trendonify_monthly_nonofficial;nasdaq100_forward_pe:trendonify_monthly_nonofficial
2022-10-01,20.44,18.27,24.99,20.11,multpl_sp500_pe_ratio_by_month;trendonify_nasdaq100_forward_pe_monthly;trendonify_nasdaq100_pe_monthly;trendonify_sp500_forward_pe_monthly,sp500_pe_ttm:multpl_monthly;sp500_forward_pe:trendonify_monthly_nonofficial;nasdaq100_pe_ttm:trendonify_monthly_nonofficial;nasdaq100_forward_pe:trendonify_monthly_nonofficial
2022-11-01,22.07,19.25,26.36,21.51,multpl_sp500_pe_ratio_by_month;trendonify_nasdaq100_forward_pe_monthly;trendonify_nasdaq100_pe_monthly;trendonify_sp500_forward_pe_monthly,sp500_pe_ttm:multpl_monthly;sp500_forward_pe:trendonify_monthly_nonofficial;nasdaq100_pe_ttm:trendonify_monthly_nonofficial;nasdaq100_forward_pe:trendonify_monthly_nonofficial
2022-12-01,22.65,18.12,23.97,19.84,multpl_sp500_pe_ratio_by_month;trendonify_nasdaq100_forward_pe_monthly;trendonify_nasdaq100_pe_monthly;trendonify_sp500_forward_pe_monthly,sp500_pe_ttm:multpl_monthly;sp500_forward_pe:trendonify_monthly_nonofficial;nasdaq100_pe_ttm:trendonify_monthly_nonofficial;nasdaq100_forward_pe:trendonify_monthly_nonofficial
2023-01-01,22.82,18.92,28.4,22.36,multpl_sp500_pe_ratio_by_month;trendonify_nasdaq100_forward_pe_monthly;trendonify_nasdaq100_pe_monthly;trendonify_sp500_forward_pe_monthly,sp500_pe_ttm:multpl_monthly;sp500_forward_pe:trendonify_monthly_nonofficial;nasdaq100_pe_ttm:trendonify_monthly_nonofficial;nasdaq100_forward_pe:trendonify_monthly_nonofficial
2023-02-01,23.4,18.43,28.26,21.95,multpl_sp500_pe_ratio_by_month;trendonify_nasdaq100_forward_pe_monthly;trendonify_nasdaq100_pe_monthly;trendonify_sp500_forward_pe_monthly,sp500_pe_ttm:multpl_monthly;sp500_forward_pe:trendonify_monthly_nonofficial;nasdaq100_pe_ttm:trendonify_monthly_nonofficial;nasdaq100_forward_pe:trendonify_monthly_nonofficial
2023-03-01,22.66,19.07,30.81,23.73,multpl_sp500_pe_ratio_by_month;trendonify_nasdaq100_forward_pe_monthly;trendonify_nasdaq100_pe_monthly;trendonify_sp500_forward_pe_monthly,sp500_pe_ttm:multpl_monthly;sp500_forward_pe:trendonify_monthly_nonofficial;nasdaq100_pe_ttm:trendonify_monthly_nonofficial;nasdaq100_forward_pe:trendonify_monthly_nonofficial
2023-04-01,23.27,19.16,30.96,23.48,multpl_sp500_pe_ratio_by_month;trendonify_nasdaq100_forward_pe_monthly;trendonify_nasdaq100_pe_monthly;trendonify_sp500_forward_pe_monthly,sp500_pe_ttm:multpl_monthly;sp500_forward_pe:trendonify_monthly_nonofficial;nasdaq100_pe_ttm:trendonify_monthly_nonofficial;nasdaq100_forward_pe:trendonify_monthly_nonofficial
2023-05-01,23.15,19.21,33.33,24.75,multpl_sp500_pe_ratio_by_month;trendonify_nasdaq100_forward_pe_monthly;trendonify_nasdaq100_pe_monthly;trendonify_sp500_forward_pe_monthly,sp500_pe_ttm:multpl_monthly;sp500_forward_pe:trendonify_monthly_nonofficial;nasdaq100_pe_ttm:trendonify_monthly_nonofficial;nasdaq100_forward_pe:trendonify_monthly_nonofficial
2023-06-01,24.01,20.45,32.66,25.75,multpl_sp500_pe_ratio_by_month;trendonify_nasdaq100_forward_pe_monthly;trendonify_nasdaq100_pe_monthly;trendonify_sp500_forward_pe_monthly,sp500_pe_ttm:multpl_monthly;sp500_forward_pe:trendonify_monthly_nonofficial;nasdaq100_pe_ttm:trendonify_monthly_nonofficial;nasdaq100_forward_pe:trendonify_monthly_nonofficial
2023-07-01,24.76,20.75,33.91,25.22,multpl_sp500_pe_ratio_by_month;trendonify_nasdaq100_forward_pe_monthly;trendonify_nasdaq100_pe_monthly;trendonify_sp500_forward_pe_monthly,sp500_pe_ttm:multpl_monthly;sp500_forward_pe:trendonify_monthly_nonofficial;nasdaq100_pe_ttm:trendonify_monthly_nonofficial;nasdaq100_forward_pe:trendonify_monthly_nonofficial
2023-08-01,24.16,20.38,33.36,24.0,multpl_sp500_pe_ratio_by_month;trendonify_nasdaq100_forward_pe_monthly;trendonify_nasdaq100_pe_monthly;trendonify_sp500_forward_pe_monthly,sp500_pe_ttm:multpl_monthly;sp500_forward_pe:trendonify_monthly_nonofficial;nasdaq100_pe_ttm:trendonify_monthly_nonofficial;nasdaq100_forward_pe:trendonify_monthly_nonofficial
2023-09-01,23.93,19.39,31.67,22.39,multpl_sp500_pe_ratio_by_month;trendonify_nasdaq100_forward_pe_monthly;trendonify_nasdaq100_pe_monthly;trendonify_sp500_forward_pe_monthly,sp500_pe_ttm:multpl_monthly;sp500_forward_pe:trendonify_monthly_nonofficial;nasdaq100_pe_ttm:trendonify_monthly_nonofficial;nasdaq100_forward_pe:trendonify_monthly_nonofficial
2023-10-01,22.78,18.39,29.61,21.57,multpl_sp500_pe_ratio_by_month;trendonify_nasdaq100_forward_pe_monthly;trendonify_nasdaq100_pe_monthly;trendonify_sp500_forward_pe_monthly,sp500_pe_ttm:multpl_monthly;sp500_forward_pe:trendonify_monthly_nonofficial;nasdaq100_pe_ttm:trendonify_monthly_nonofficial;nasdaq100_forward_pe:trendonify_monthly_nonofficial
2023-11-01,23.51,20.03,32.77,23.39,multpl_sp500_pe_ratio_by_month;trendonify_nasdaq100_forward_pe_monthly;trendonify_nasdaq100_pe_monthly;trendonify_sp500_forward_pe_monthly,sp500_pe_ttm:multpl_monthly;sp500_forward_pe:trendonify_monthly_nonofficial;nasdaq100_pe_ttm:trendonify_monthly_nonofficial;nasdaq100_forward_pe:trendonify_monthly_nonofficial
2023-12-01,24.35,20.91,34.57,24.13,multpl_sp500_pe_ratio_by_month;trendonify_nasdaq100_forward_pe_monthly;trendonify_nasdaq100_pe_monthly;trendonify_sp500_forward_pe_monthly,sp500_pe_ttm:multpl_monthly;sp500_forward_pe:trendonify_monthly_nonofficial;nasdaq100_pe_ttm:trendonify_monthly_nonofficial;nasdaq100_forward_pe:trendonify_monthly_nonofficial
2024-01-01,25.01,20.58,30.49,30.27,multpl_sp500_pe_ratio_by_month;trendonify_nasdaq100_forward_pe_monthly;trendonify_nasdaq100_pe_monthly;trendonify_sp500_forward_pe_monthly,sp500_pe_ttm:multpl_monthly;sp500_forward_pe:trendonify_monthly_nonofficial;nasdaq100_pe_ttm:trendonify_monthly_nonofficial;nasdaq100_forward_pe:trendonify_monthly_nonofficial
2024-02-01,26.14,21.64,32.11,25.29,multpl_sp500_pe_ratio_by_month;trendonify_nasdaq100_forward_pe_monthly;trendonify_nasdaq100_pe_monthly;trendonify_sp500_forward_pe_monthly,sp500_pe_ttm:multpl_monthly;sp500_forward_pe:trendonify_monthly_nonofficial;nasdaq100_pe_ttm:trendonify_monthly_nonofficial;nasdaq100_forward_pe:trendonify_monthly_nonofficial
2024-03-01,27.02,22.31,32.48,25.1,multpl_sp500_pe_ratio_by_month;trendonify_nasdaq100_forward_pe_monthly;trendonify_nasdaq100_pe_monthly;trendonify_sp500_forward_pe_monthly,sp500_pe_ttm:multpl_monthly;sp500_forward_pe:trendonify_monthly_nonofficial;nasdaq100_pe_ttm:trendonify_monthly_nonofficial;nasdaq100_forward_pe:trendonify_monthly_nonofficial
2024-04-01,26.41,21.12,29.9,23.73,multpl_sp500_pe_ratio_by_month;trendonify_nasdaq100_forward_pe_monthly;trendonify_nasdaq100_pe_monthly;trendonify_sp500_forward_pe_monthly,sp500_pe_ttm:multpl_monthly;sp500_forward_pe:trendonify_monthly_nonofficial;nasdaq100_pe_ttm:trendonify_monthly_nonofficial;nasdaq100_forward_pe:trendonify_monthly_nonofficial
2024-05-01,26.93,22.14,31.79,24.74,multpl_sp500_pe_ratio_by_month;trendonify_nasdaq100_forward_pe_monthly;trendonify_nasdaq100_pe_monthly;trendonify_sp500_forward_pe_monthly,sp500_pe_ttm:multpl_monthly;sp500_forward_pe:trendonify_monthly_nonofficial;nasdaq100_pe_ttm:trendonify_monthly_nonofficial;nasdaq100_forward_pe:trendonify_monthly_nonofficial
2024-06-01,27.64,22.91,33.75,25.83,multpl_sp500_pe_ratio_by_month;trendonify_nasdaq100_forward_pe_monthly;trendonify_nasdaq100_pe_monthly;trendonify_sp500_forward_pe_monthly,sp500_pe_ttm:multpl_monthly;sp500_forward_pe:trendonify_monthly_nonofficial;nasdaq100_pe_ttm:trendonify_monthly_nonofficial;nasdaq100_forward_pe:trendonify_monthly_nonofficial
2024-07-01,28.08,22.62,32.72,24.92,multpl_sp500_pe_ratio_by_month;trendonify_nasdaq100_forward_pe_monthly;trendonify_nasdaq100_pe_monthly;trendonify_sp500_forward_pe_monthly,sp500_pe_ttm:multpl_monthly;sp500_forward_pe:trendonify_monthly_nonofficial;nasdaq100_pe_ttm:trendonify_monthly_nonofficial;nasdaq100_forward_pe:trendonify_monthly_nonofficial
2024-08-01,27.67,23.14,33.08,25.07,multpl_sp500_pe_ratio_by_month;trendonify_nasdaq100_forward_pe_monthly;trendonify_nasdaq100_pe_monthly;trendonify_sp500_forward_pe_monthly,sp500_pe_ttm:multpl_monthly;sp500_forward_pe:trendonify_monthly_nonofficial;nasdaq100_pe_ttm:trendonify_monthly_nonofficial;nasdaq100_forward_pe:trendonify_monthly_nonofficial
2024-09-01,28.09,23.61,33.9,25.22,multpl_sp500_pe_ratio_by_month;trendonify_nasdaq100_forward_pe_monthly;trendonify_nasdaq100_pe_monthly;trendonify_sp500_forward_pe_monthly,sp500_pe_ttm:multpl_monthly;sp500_forward_pe:trendonify_monthly_nonofficial;nasdaq100_pe_ttm:trendonify_monthly_nonofficial;nasdaq100_forward_pe:trendonify_monthly_nonofficial
2024-10-01,28.45,22.19,34.42,24.71,multpl_sp500_pe_ratio_by_month;trendonify_nasdaq100_forward_pe_monthly;trendonify_nasdaq100_pe_monthly;trendonify_sp500_forward_pe_monthly,sp500_pe_ttm:multpl_monthly;sp500_forward_pe:trendonify_monthly_nonofficial;nasdaq100_pe_ttm:trendonify_monthly_nonofficial;nasdaq100_forward_pe:trendonify_monthly_nonofficial
2024-11-01,28.66,23.47,35.6,25.73,multpl_sp500_pe_ratio_by_month;trendonify_nasdaq100_forward_pe_monthly;trendonify_nasdaq100_pe_monthly;trendonify_sp500_forward_pe_monthly,sp500_pe_ttm:multpl_monthly;sp500_forward_pe:trendonify_monthly_nonofficial;nasdaq100_pe_ttm:trendonify_monthly_nonofficial;nasdaq100_forward_pe:trendonify_monthly_nonofficial
2024-12-01,28.6,22.88,34.18,25.46,multpl_sp500_pe_ratio_by_month;trendonify_nasdaq100_forward_pe_monthly;trendonify_nasdaq100_pe_monthly;trendonify_sp500_forward_pe_monthly,sp500_pe_ttm:multpl_monthly;sp500_forward_pe:trendonify_monthly_nonofficial;nasdaq100_pe_ttm:trendonify_monthly_nonofficial;nasdaq100_forward_pe:trendonify_monthly_nonofficial
2025-01-01,28.16,22.55,35.09,25.87,multpl_sp500_pe_ratio_by_month;trendonify_nasdaq100_forward_pe_monthly;trendonify_nasdaq100_pe_monthly;trendonify_sp500_forward_pe_monthly,sp500_pe_ttm:multpl_monthly;sp500_forward_pe:trendonify_monthly_nonofficial;nasdaq100_pe_ttm:trendonify_monthly_nonofficial;nasdaq100_forward_pe:trendonify_monthly_nonofficial
2025-02-01,28.15,22.23,33.95,25.02,multpl_sp500_pe_ratio_by_month;trendonify_nasdaq100_forward_pe_monthly;trendonify_nasdaq100_pe_monthly;trendonify_sp500_forward_pe_monthly,sp500_pe_ttm:multpl_monthly;sp500_forward_pe:trendonify_monthly_nonofficial;nasdaq100_pe_ttm:trendonify_monthly_nonofficial;nasdaq100_forward_pe:trendonify_monthly_nonofficial
2025-03-01,26.23,20.95,31.13,22.78,multpl_sp500_pe_ratio_by_month;trendonify_nasdaq100_forward_pe_monthly;trendonify_nasdaq100_pe_monthly;trendonify_sp500_forward_pe_monthly,sp500_pe_ttm:multpl_monthly;sp500_forward_pe:trendonify_monthly_nonofficial;nasdaq100_pe_ttm:trendonify_monthly_nonofficial;nasdaq100_forward_pe:trendonify_monthly_nonofficial
2025-04-01,24.56,19.88,32.9,23.27,multpl_sp500_pe_ratio_by_month;trendonify_nasdaq100_forward_pe_monthly;trendonify_nasdaq100_pe_monthly;trendonify_sp500_forward_pe_monthly,sp500_pe_ttm:multpl_monthly;sp500_forward_pe:trendonify_monthly_nonofficial;nasdaq100_pe_ttm:trendonify_monthly_nonofficial;nasdaq100_forward_pe:trendonify_monthly_nonofficial
2025-05-01,26.34,21.11,34.57,25.17,multpl_sp500_pe_ratio_by_month;trendonify_nasdaq100_forward_pe_monthly;trendonify_nasdaq100_pe_monthly;trendonify_sp500_forward_pe_monthly,sp500_pe_ttm:multpl_monthly;sp500_forward_pe:trendonify_monthly_nonofficial;nasdaq100_pe_ttm:trendonify_monthly_nonofficial;nasdaq100_forward_pe:trendonify_monthly_nonofficial
2025-06-01,27.1,22.15,35.61,26.3,multpl_sp500_pe_ratio_by_month;trendonify_nasdaq100_forward_pe_monthly;trendonify_nasdaq100_pe_monthly;trendonify_sp500_forward_pe_monthly,sp500_pe_ttm:multpl_monthly;sp500_forward_pe:trendonify_monthly_nonofficial;nasdaq100_pe_ttm:trendonify_monthly_nonofficial;nasdaq100_forward_pe:trendonify_monthly_nonofficial
2025-07-01,27.81,21.7,35.12,26.37,multpl_sp500_pe_ratio_by_month;trendonify_nasdaq100_forward_pe_monthly;trendonify_nasdaq100_pe_monthly;trendonify_sp500_forward_pe_monthly,sp500_pe_ttm:multpl_monthly;sp500_forward_pe:trendonify_monthly_nonofficial;nasdaq100_pe_ttm:trendonify_monthly_nonofficial;nasdaq100_forward_pe:trendonify_monthly_nonofficial
2025-08-01,27.84,22.11,34.94,25.53,multpl_sp500_pe_ratio_by_month;trendonify_nasdaq100_forward_pe_monthly;trendonify_nasdaq100_pe_monthly;trendonify_sp500_forward_pe_monthly,sp500_pe_ttm:multpl_monthly;sp500_forward_pe:trendonify_monthly_nonofficial;nasdaq100_pe_ttm:trendonify_monthly_nonofficial;nasdaq100_forward_pe:trendonify_monthly_nonofficial
2025-09-01,28.13,22.89,35.31,26.31,multpl_sp500_pe_ratio_by_month;trendonify_nasdaq100_forward_pe_monthly;trendonify_nasdaq100_pe_monthly;trendonify_sp500_forward_pe_monthly,sp500_pe_ttm:multpl_monthly;sp500_forward_pe:trendonify_monthly_nonofficial;nasdaq100_pe_ttm:trendonify_monthly_nonofficial;nasdaq100_forward_pe:trendonify_monthly_nonofficial
2025-10-01,28.78,22.69,34.3,26.87,multpl_sp500_pe_ratio_by_month;trendonify_nasdaq100_forward_pe_monthly;trendonify_nasdaq100_pe_monthly;trendonify_sp500_forward_pe_monthly,sp500_pe_ttm:multpl_monthly;sp500_forward_pe:trendonify_monthly_nonofficial;nasdaq100_pe_ttm:trendonify_monthly_nonofficial;nasdaq100_forward_pe:trendonify_monthly_nonofficial
2025-11-01,28.8,22.72,33.21,25.48,multpl_sp500_pe_ratio_by_month;trendonify_nasdaq100_forward_pe_monthly;trendonify_nasdaq100_pe_monthly;trendonify_sp500_forward_pe_monthly,sp500_pe_ttm:multpl_monthly;sp500_forward_pe:trendonify_monthly_nonofficial;nasdaq100_pe_ttm:trendonify_monthly_nonofficial;nasdaq100_forward_pe:trendonify_monthly_nonofficial
2025-12-01,29.28,22.7,34.21,24.29,multpl_sp500_pe_ratio_by_month;trendonify_nasdaq100_forward_pe_monthly;trendonify_nasdaq100_pe_monthly;trendonify_sp500_forward_pe_monthly,sp500_pe_ttm:multpl_monthly;sp500_forward_pe:trendonify_monthly_nonofficial;nasdaq100_pe_ttm:trendonify_monthly_nonofficial;nasdaq100_forward_pe:trendonify_monthly_nonofficial
2026-01-01,29.6,22.17,34.29,24.2,multpl_sp500_pe_ratio_by_month;trendonify_nasdaq100_forward_pe_monthly;trendonify_nasdaq100_pe_monthly;trendonify_sp500_forward_pe_monthly,sp500_pe_ttm:multpl_monthly;sp500_forward_pe:trendonify_monthly_nonofficial;nasdaq100_pe_ttm:trendonify_monthly_nonofficial;nasdaq100_forward_pe:trendonify_monthly_nonofficial
2026-02-01,29.45,21.97,34.61,23.64,multpl_sp500_pe_ratio_by_month;trendonify_nasdaq100_forward_pe_monthly;trendonify_nasdaq100_pe_monthly;trendonify_sp500_forward_pe_monthly,sp500_pe_ttm:multpl_monthly;sp500_forward_pe:trendonify_monthly_nonofficial;nasdaq100_pe_ttm:trendonify_monthly_nonofficial;nasdaq100_forward_pe:trendonify_monthly_nonofficial
2026-03-01,28.43,20.85,32.45,20.64,multpl_sp500_pe_ratio_by_month;trendonify_nasdaq100_forward_pe_monthly;trendonify_nasdaq100_pe_monthly;trendonify_sp500_forward_pe_monthly,sp500_pe_ttm:multpl_monthly;sp500_forward_pe:trendonify_monthly_nonofficial;nasdaq100_pe_ttm:trendonify_monthly_nonofficial;nasdaq100_forward_pe:trendonify_monthly_nonofficial
2026-04-01,29.02,21.11,34.51,20.97,multpl_sp500_pe_ratio_by_month;trendonify_nasdaq100_forward_pe_monthly;trendonify_nasdaq100_pe_monthly;trendonify_sp500_forward_pe_monthly,sp500_pe_ttm:multpl_monthly;sp500_forward_pe:trendonify_monthly_nonofficial;nasdaq100_pe_ttm:trendonify_monthly_nonofficial;nasdaq100_forward_pe:trendonify_monthly_nonofficial
2026-05-01,31.08,,,,multpl_sp500_pe_ratio_by_month,sp500_pe_ttm:multpl_monthly
